{
    "arrival_rate": {
        "dname": "LOGNORMAL",
        "dparams": {
            "arg1": "650128.0",
            "arg2": "0",
            "mean": "596.2"
        }
    },
    "discovery_parameters": {
        "arr_dtype": "DataType.LV917",
        "concurrency": "0.9166762012480222",
        "gate_management": "discovery",
        "res_confidence": "54.67327550250633",
        "res_support": "0.18668286149374344"
    },
    "elements_data": [
        {
            "arg1": "2140624.0",
            "arg2": "0",
            "elementid": "node_30ad2a5f-cf45-46fe-b375-856559bddcb8",
            "id": "qbp_cd220ac7-431e-4e4b-b42f-0254b2a3573b",
            "mean": "155.0",
            "name": "W_Handle leads",
            "resource": "qbp_99229389-68d0-4839-a3c4-e85c2680cf60",
            "type": "LOGNORMAL"
        },
        {
            "arg1": "491739.3",
            "arg2": "0",
            "elementid": "node_2c196abd-c6e1-45f1-81c9-d62f7a21587b",
            "id": "qbp_513fda78-8b1e-4954-94d5-0e5e2fa3a6bb",
            "mean": "351.2",
            "name": "W_Complete application",
            "resource": "qbp_99229389-68d0-4839-a3c4-e85c2680cf60",
            "type": "LOGNORMAL"
        },
        {
            "arg1": "37934425.7",
            "arg2": "0",
            "elementid": "node_a9166315-5221-49f8-b416-6a150a68b754",
            "id": "qbp_394e6d89-7d38-4bfa-9494-21cc249971cd",
            "mean": "551.3",
            "name": "W_Validate application",
            "resource": "qbp_99229389-68d0-4839-a3c4-e85c2680cf60",
            "type": "LOGNORMAL"
        },
        {
            "arg1": "37975682.3",
            "arg2": "0",
            "elementid": "node_a5f4836e-e478-4dd7-8c29-77818d871585",
            "id": "qbp_70b15136-bddc-44f1-8488-6b597602428a",
            "mean": "299.0",
            "name": "W_Call incomplete files",
            "resource": "qbp_99229389-68d0-4839-a3c4-e85c2680cf60",
            "type": "LOGNORMAL"
        },
        {
            "arg1": "27765494.1",
            "arg2": "0",
            "elementid": "node_f4813046-7ead-4ee1-b93d-6109cf02ed74",
            "id": "qbp_5ae2e9a2-48dc-4a48-822a-2db3c59aafa5",
            "mean": "180.4",
            "name": "W_Call after offers",
            "resource": "qbp_99229389-68d0-4839-a3c4-e85c2680cf60",
            "type": "LOGNORMAL"
        },
        {
            "arg1": "1171882903.1",
            "arg2": "0",
            "elementid": "node_001092e8-7676-409d-a0cc-270eb6a84394",
            "id": "qbp_57de7086-d94e-4982-8637-267b11569cc3",
            "mean": "5875.5",
            "name": "W_Assess potential fraud",
            "resource": "qbp_98a325f5-7108-46bf-8ea3-7c6f3e34a4c7",
            "type": "LOGNORMAL"
        },
        {
            "arg1": "246.6",
            "arg2": "0",
            "elementid": "node_f9718e8f-ad72-4bbb-a365-15fa58e67224",
            "id": "qbp_a2b92f94-b3dd-4944-8fdb-6b0cfb9d4d55",
            "mean": "0",
            "name": "W_Shortened completion",
            "resource": "qbp_99229389-68d0-4839-a3c4-e85c2680cf60",
            "type": "EXPONENTIAL"
        }
    ],
    "instances": "5718",
    "resource_pool": [
        {
            "@costPerHour": "20",
            "@id": "qbp_99229389-68d0-4839-a3c4-e85c2680cf60",
            "@name": "Role 1",
            "@timetableId": "Discovered_DEFAULT_CALENDAR",
            "@totalAmount": "114"
        },
        {
            "@costPerHour": "20",
            "@id": "qbp_98a325f5-7108-46bf-8ea3-7c6f3e34a4c7",
            "@name": "Role 2",
            "@timetableId": "Discovered_DEFAULT_CALENDAR",
            "@totalAmount": "3"
        },
        {
            "@costPerHour": "20",
            "@id": "qbp_a05d079e-2fa4-49eb-bfab-39f3b3363fa4",
            "@name": "Role 3",
            "@timetableId": "Discovered_DEFAULT_CALENDAR",
            "@totalAmount": "1"
        },
        {
            "@costPerHour": "20",
            "@id": "qbp_b0bb7988-df07-453b-9c82-58dc2b80b5e2",
            "@name": "Role 4",
            "@timetableId": "Discovered_DEFAULT_CALENDAR",
            "@totalAmount": "1"
        },
        {
            "@costPerHour": "20",
            "@id": "qbp_56c8a3cb-4c19-41b3-aae4-b550790f94d4",
            "@name": "Role 5",
            "@timetableId": "Discovered_DEFAULT_CALENDAR",
            "@totalAmount": "1"
        }
    ],
    "rol_user": {
        "Role 1": [
            "User_17",
            "User_38",
            "User_19",
            "User_52",
            "User_3",
            "User_14",
            "User_16",
            "User_89",
            "User_43",
            "User_13",
            "User_7",
            "User_15",
            "User_28",
            "User_2",
            "User_20",
            "User_47",
            "User_31",
            "User_10",
            "User_5",
            "User_22",
            "User_11",
            "User_8",
            "User_92",
            "User_24",
            "User_85",
            "User_4",
            "User_71",
            "User_37",
            "User_21",
            "User_74",
            "User_30",
            "User_49",
            "User_110",
            "User_87",
            "User_108",
            "User_6",
            "User_119",
            "User_36",
            "User_25",
            "User_68",
            "User_35",
            "User_113",
            "User_117",
            "User_116",
            "User_100",
            "User_9",
            "User_44",
            "User_75",
            "User_95",
            "User_18",
            "User_12",
            "User_112",
            "User_29",
            "User_118",
            "User_99",
            "User_41",
            "User_102",
            "User_33",
            "User_26",
            "User_115",
            "User_114",
            "User_127",
            "User_34",
            "User_101",
            "User_50",
            "User_90",
            "User_120",
            "User_109",
            "User_70",
            "User_73",
            "User_23",
            "User_141",
            "User_86",
            "User_125",
            "User_146",
            "User_103",
            "User_97",
            "User_32",
            "User_42",
            "User_39",
            "User_61",
            "User_76",
            "User_82",
            "User_46",
            "User_148",
            "User_121",
            "User_60",
            "User_53",
            "User_48",
            "User_51",
            "User_40",
            "User_107",
            "User_124",
            "User_122",
            "User_83",
            "User_128",
            "User_45",
            "User_123",
            "User_93",
            "User_58",
            "User_57",
            "User_111",
            "User_63",
            "User_126",
            "User_54",
            "User_62",
            "User_136",
            "User_64",
            "User_55",
            "User_56",
            "User_78",
            "User_91",
            "User_139",
            "User_59"
        ],
        "Role 2": [
            "User_143",
            "User_144",
            "User_138"
        ],
        "Role 3": [
            "User_27"
        ],
        "Role 4": [
            "User_142"
        ],
        "Role 5": [
            "User_147"
        ]
    },
    "sequences": [
        {
            "elementid": "node_3546287d-fa84-4d0c-9fe5-7b8c5da246d9",
            "gatewayid": "node_d4022205-37d0-48e1-b251-c8ba8eeb46d4",
            "out_path_id": "node_f9718e8f-ad72-4bbb-a365-15fa58e67224",
            "prob": "0.01"
        },
        {
            "elementid": "node_d7f336ca-87ea-4b14-b5bd-32c08dbf29a7",
            "gatewayid": "node_d4022205-37d0-48e1-b251-c8ba8eeb46d4",
            "out_path_id": "node_bdbcb581-c418-4869-a942-658d28c46551",
            "prob": "0.99"
        },
        {
            "elementid": "node_f281ac50-17ce-4757-9632-a34b6a64cf6e",
            "gatewayid": "node_5e346575-1eb2-4d7f-ad3f-40151317a543",
            "out_path_id": "node_001092e8-7676-409d-a0cc-270eb6a84394",
            "prob": "0.00971266693646297"
        },
        {
            "elementid": "node_b39446d2-26d9-4d40-a955-1a964cb998d3",
            "gatewayid": "node_5e346575-1eb2-4d7f-ad3f-40151317a543",
            "out_path_id": "node_85445095-6920-496b-b1c6-245b6c750153",
            "prob": "0.40226628895184136"
        },
        {
            "elementid": "node_b5fadb35-564c-40f3-a7f1-fbd8e76e888d",
            "gatewayid": "node_5e346575-1eb2-4d7f-ad3f-40151317a543",
            "out_path_id": "node_a5f4836e-e478-4dd7-8c29-77818d871585",
            "prob": "0.5880210441116956"
        },
        {
            "elementid": "node_5b3986f2-b1a3-40b1-8113-ae7e01242be7",
            "gatewayid": "node_e352ae98-5cf1-4721-af7a-9855990bc55c",
            "out_path_id": "node_30ad2a5f-cf45-46fe-b375-856559bddcb8",
            "prob": "0.0826888756692445"
        },
        {
            "elementid": "node_d6775ca0-7e77-4a79-b5c2-40997ced9863",
            "gatewayid": "node_e352ae98-5cf1-4721-af7a-9855990bc55c",
            "out_path_id": "node_158f6222-151c-4423-be15-3c2b82e09710",
            "prob": "0.9173111243307555"
        }
    ],
    "start_time": "2016-10-24T06:08:47.999999+00:00",
    "time_table": [
        {
            "@default": "true",
            "@id": "QBP_ARR_DEFAULT_TIMETABLE",
            "@name": "Default",
            "qbp:rules": {
                "qbp:rule": {
                    "@fromTime": "09:00:00.000+00:00",
                    "@fromWeekDay": "MONDAY",
                    "@toTime": "17:00:00.000+00:00",
                    "@toWeekDay": "FRIDAY"
                }
            }
        },
        {
            "@default": "false",
            "@id": "Discovered_DEFAULT_CALENDAR",
            "@name": "Discovered_DEFAULT_CALENDAR",
            "qbp:rules": {
                "qbp:rule": [
                    {
                        "@fromTime": "06:00:00.000000+00:00",
                        "@fromWeekDay": "TUESDAY",
                        "@toTime": "19:59:00.000000+00:00",
                        "@toWeekDay": "TUESDAY"
                    },
                    {
                        "@fromTime": "06:00:00.000000+00:00",
                        "@fromWeekDay": "WEDNESDAY",
                        "@toTime": "19:59:00.000000+00:00",
                        "@toWeekDay": "WEDNESDAY"
                    },
                    {
                        "@fromTime": "06:00:00.000000+00:00",
                        "@fromWeekDay": "THURSDAY",
                        "@toTime": "19:59:00.000000+00:00",
                        "@toWeekDay": "THURSDAY"
                    },
                    {
                        "@fromTime": "06:00:00.000000+00:00",
                        "@fromWeekDay": "FRIDAY",
                        "@toTime": "19:59:00.000000+00:00",
                        "@toWeekDay": "FRIDAY"
                    },
                    {
                        "@fromTime": "06:00:00.000000+00:00",
                        "@fromWeekDay": "SATURDAY",
                        "@toTime": "19:59:00.000000+00:00",
                        "@toWeekDay": "SATURDAY"
                    },
                    {
                        "@fromTime": "09:00:00.000000+00:00",
                        "@fromWeekDay": "SUNDAY",
                        "@toTime": "15:59:00.000000+00:00",
                        "@toWeekDay": "SUNDAY"
                    }
                ]
            }
        }
    ]
}