{
    "arrival_rate": {
        "dname": "LOGNORMAL",
        "dparams": {
            "arg1": "1449052.5",
            "arg2": "0",
            "mean": "854.9"
        }
    },
    "discovery_parameters": {
        "arr_dtype": "DataType.LV917",
        "concurrency": "0.8333459120421762",
        "gate_management": "discovery",
        "res_confidence": "63.21598560362867",
        "res_support": "0.1615489093158863"
    },
    "elements_data": [
        {
            "arg1": "576128.5",
            "arg2": "0",
            "elementid": "node_82678dc5-f87e-4786-ba54-957ff97c72f8",
            "id": "qbp_292e0fe4-8ce1-4f09-8738-71f7dd6d3a94",
            "mean": "82.7",
            "name": "W_Beoordelen fraude",
            "resource": "qbp_3a621245-f4b8-4f88-a30c-8e3e85210b59",
            "type": "LOGNORMAL"
        },
        {
            "arg1": "28020180.2",
            "arg2": "0",
            "elementid": "node_21110305-7769-4d9c-8866-d2858251650c",
            "id": "qbp_46e0d481-6ce1-488b-8b24-8af20dc89625",
            "mean": "619.1",
            "name": "W_Completeren aanvraag",
            "resource": "qbp_5e176036-78b7-4a93-810e-be821ebe4b2c",
            "type": "LOGNORMAL"
        },
        {
            "arg1": "87592269.7",
            "arg2": "0",
            "elementid": "node_4490e176-0329-4c3f-9beb-1a3076c55a9e",
            "id": "qbp_4476f5d1-98c2-4d4a-bbc8-efdf86fa2571",
            "mean": "839.4",
            "name": "W_Nabellen incomplete dossiers",
            "resource": "qbp_5e176036-78b7-4a93-810e-be821ebe4b2c",
            "type": "LOGNORMAL"
        },
        {
            "arg1": "1135.7",
            "arg2": "0",
            "elementid": "node_28b78936-c54c-41c3-b52b-2da11558146c",
            "id": "qbp_34e811e5-b7e8-4fc9-a137-50ba9f14a1ce",
            "mean": "0",
            "name": "W_Valideren aanvraag",
            "resource": "qbp_21031d0b-d16d-4cd5-8ee9-64c8e720244a",
            "type": "EXPONENTIAL"
        },
        {
            "arg1": "33150445.2",
            "arg2": "0",
            "elementid": "node_5ed8bacd-5046-46cb-81db-74f8e4764258",
            "id": "qbp_22e6b48c-96e6-4f79-93f4-b1c3c8c5fc94",
            "mean": "468.0",
            "name": "W_Nabellen offertes",
            "resource": "qbp_5e176036-78b7-4a93-810e-be821ebe4b2c",
            "type": "LOGNORMAL"
        },
        {
            "arg1": "94741332.1",
            "arg2": "0",
            "elementid": "node_6fda5ef6-1c48-4ee5-930d-de9be01aa21a",
            "id": "qbp_24ce177f-1554-4e7a-94de-8221478aa0fa",
            "mean": "1105.1",
            "name": "W_Afhandelen leads",
            "resource": "qbp_5e176036-78b7-4a93-810e-be821ebe4b2c",
            "type": "LOGNORMAL"
        },
        {
            "arg1": "0",
            "arg2": "0",
            "elementid": "node_0669c48f-e3b3-46ab-a0b8-c643ae792223",
            "id": "qbp_d9c44901-5a65-40eb-bf4e-fd7296b727fb",
            "mean": "0",
            "name": "End",
            "resource": "QBP_DEFAULT_RESOURCE",
            "type": "FIXED"
        },
        {
            "arg1": "0",
            "arg2": "0",
            "elementid": "node_a29d56b5-163f-4234-81d3-6a84e8c85091",
            "id": "qbp_57d46f76-c274-4b14-916c-64e7b806c3c5",
            "mean": "0",
            "name": "Start",
            "resource": "QBP_DEFAULT_RESOURCE",
            "type": "FIXED"
        }
    ],
    "instances": "1253",
    "resource_pool": [
        {
            "@costPerHour": "20",
            "@id": "QBP_DEFAULT_RESOURCE",
            "@name": "SYSTEM",
            "@timetableId": "QBP_ARR_DEFAULT_TIMETABLE",
            "@totalAmount": "20"
        },
        {
            "@costPerHour": "20",
            "@id": "qbp_5e176036-78b7-4a93-810e-be821ebe4b2c",
            "@name": "Role 1",
            "@timetableId": "Discovered_DEFAULT_CALENDAR",
            "@totalAmount": "37"
        },
        {
            "@costPerHour": "20",
            "@id": "qbp_21031d0b-d16d-4cd5-8ee9-64c8e720244a",
            "@name": "Role 2",
            "@timetableId": "Discovered_DEFAULT_CALENDAR",
            "@totalAmount": "8"
        },
        {
            "@costPerHour": "20",
            "@id": "qbp_3a621245-f4b8-4f88-a30c-8e3e85210b59",
            "@name": "Role 3",
            "@timetableId": "Discovered_DEFAULT_CALENDAR",
            "@totalAmount": "2"
        },
        {
            "@costPerHour": "20",
            "@id": "qbp_a44189aa-b822-4f37-b4b7-92ecd26dc46c",
            "@name": "Role 4",
            "@timetableId": "Discovered_DEFAULT_CALENDAR",
            "@totalAmount": "1"
        },
        {
            "@costPerHour": "20",
            "@id": "qbp_d80865db-b06e-44c7-a645-343f6f434a49",
            "@name": "Role 5",
            "@timetableId": "Discovered_DEFAULT_CALENDAR",
            "@totalAmount": "1"
        }
    ],
    "rol_user": {
        "Role 1": [
            "10912.0",
            "10939.0",
            "NOT_SET",
            "11019.0",
            "11000.0",
            "11203.0",
            "11119.0",
            "11180.0",
            "10889.0",
            "11001.0",
            "10913.0",
            "11201.0",
            "10863.0",
            "10982.0",
            "11049.0",
            "11169.0",
            "11179.0",
            "10899.0",
            "11122.0",
            "11121.0",
            "10909.0",
            "10228.0",
            "11009.0",
            "11189.0",
            "10881.0",
            "11181.0",
            "10789.0",
            "11002.0",
            "10933.0",
            "10861.0",
            "10914.0",
            "11259.0",
            "10932.0",
            "10910.0",
            "10931.0",
            "10929.0",
            "11003.0"
        ],
        "Role 2": [
            "10972.0",
            "10138.0",
            "10779.0",
            "10809.0",
            "10125.0",
            "10629.0",
            "11289.0",
            "10609.0"
        ],
        "Role 3": [
            "10188.0",
            "11339.0"
        ],
        "Role 4": [
            "11269.0"
        ],
        "Role 5": [
            "10935.0"
        ]
    },
    "sequences": [
        {
            "elementid": "node_1da0c7a8-76b4-4ea4-a0c3-61e8e266a5b8",
            "gatewayid": "node_b47a6d9d-837f-40be-86e2-44a205aab430",
            "out_path_id": "node_82678dc5-f87e-4786-ba54-957ff97c72f8",
            "prob": "0.2251984126984127"
        },
        {
            "elementid": "node_c14fda38-df58-484f-ae22-1bfba2fc6d22",
            "gatewayid": "node_b47a6d9d-837f-40be-86e2-44a205aab430",
            "out_path_id": "node_6fda5ef6-1c48-4ee5-930d-de9be01aa21a",
            "prob": "0.2916666666666667"
        },
        {
            "elementid": "node_60ba6223-b071-4d65-b6b5-219546ef9a13",
            "gatewayid": "node_b47a6d9d-837f-40be-86e2-44a205aab430",
            "out_path_id": "node_d50b90f2-6973-49bc-88dd-9f60d823e2ba",
            "prob": "0.48313492063492064"
        },
        {
            "elementid": "node_4e00e031-14b3-4665-a4a7-7bd3443f32c2",
            "gatewayid": "node_b201ff4c-fd4d-4fe8-95e1-79d2d8539d60",
            "out_path_id": "node_4490e176-0329-4c3f-9beb-1a3076c55a9e",
            "prob": "0.6358792184724689"
        },
        {
            "elementid": "node_3916751c-7eca-43b5-9713-3a4f9cc160f7",
            "gatewayid": "node_b201ff4c-fd4d-4fe8-95e1-79d2d8539d60",
            "out_path_id": "node_99981234-87ec-4ef5-85c6-3b4a4b9bbbfc",
            "prob": "0.3641207815275311"
        }
    ],
    "start_time": "2012-02-13T18:34:51.383999+00:00",
    "time_table": [
        {
            "@default": "true",
            "@id": "QBP_ARR_DEFAULT_TIMETABLE",
            "@name": "Default",
            "qbp:rules": {
                "qbp:rule": {
                    "@fromTime": "09:00:00.000+00:00",
                    "@fromWeekDay": "MONDAY",
                    "@toTime": "17:00:00.000+00:00",
                    "@toWeekDay": "FRIDAY"
                }
            }
        },
        {
            "@default": "false",
            "@id": "Discovered_DEFAULT_CALENDAR",
            "@name": "Discovered_DEFAULT_CALENDAR",
            "qbp:rules": {
                "qbp:rule": [
                    {
                        "@fromTime": "07:00:00.000000+00:00",
                        "@fromWeekDay": "TUESDAY",
                        "@toTime": "19:59:00.000000+00:00",
                        "@toWeekDay": "TUESDAY"
                    },
                    {
                        "@fromTime": "07:00:00.000000+00:00",
                        "@fromWeekDay": "WEDNESDAY",
                        "@toTime": "19:59:00.000000+00:00",
                        "@toWeekDay": "WEDNESDAY"
                    },
                    {
                        "@fromTime": "07:00:00.000000+00:00",
                        "@fromWeekDay": "THURSDAY",
                        "@toTime": "19:59:00.000000+00:00",
                        "@toWeekDay": "THURSDAY"
                    },
                    {
                        "@fromTime": "07:00:00.000000+00:00",
                        "@fromWeekDay": "FRIDAY",
                        "@toTime": "19:59:00.000000+00:00",
                        "@toWeekDay": "FRIDAY"
                    },
                    {
                        "@fromTime": "07:00:00.000000+00:00",
                        "@fromWeekDay": "SATURDAY",
                        "@toTime": "19:59:00.000000+00:00",
                        "@toWeekDay": "SATURDAY"
                    },
                    {
                        "@fromTime": "09:00:00.000000+00:00",
                        "@fromWeekDay": "SUNDAY",
                        "@toTime": "15:59:00.000000+00:00",
                        "@toWeekDay": "SUNDAY"
                    }
                ]
            }
        }
    ]
}