{
    "arrival_rate": {
        "dname": "LOGNORMAL",
        "dparams": {
            "arg1": "130186605.7",
            "arg2": "0",
            "mean": "8034.8"
        }
    },
    "discovery_parameters": {
        "arr_dtype": "DataType.LV917",
        "concurrency": "0.6988367923651713",
        "gate_management": "discovery",
        "res_dtype": "DataType.DT247"
    },
    "elements_data": [
        {
            "arg1": "312.5",
            "arg2": "0",
            "elementid": "node_7f35b5d5-1249-466a-b751-9432f4a3781e",
            "id": "qbp_ced3a9d1-a103-4462-a2de-0b7867c3c21b",
            "mean": "0",
            "name": "Validacion final",
            "resource": "qbp_008bcf6a-a30c-427b-9906-a1485e3ba781",
            "type": "EXPONENTIAL"
        },
        {
            "arg1": "0",
            "arg2": "0",
            "elementid": "node_e1e37197-3967-4e9d-bcbb-3a432369c6c2",
            "id": "qbp_fd510db9-d596-4485-847a-fd7870f25ad9",
            "mean": "0",
            "name": "Notificacion estudiante cancelacion soli",
            "resource": "qbp_008bcf6a-a30c-427b-9906-a1485e3ba781",
            "type": "FIXED"
        },
        {
            "arg1": "3017.5",
            "arg2": "0",
            "elementid": "node_3670eb1e-4a44-48b6-b3a2-aefdb692d118",
            "id": "qbp_7d21fadd-1f97-4bfa-9ba5-2b85f22af6fc",
            "mean": "0",
            "name": "Avanzar recepcion documentos",
            "resource": "qbp_95b6f002-2d9d-4792-a6b5-f69774872f14",
            "type": "EXPONENTIAL"
        },
        {
            "arg1": "0",
            "arg2": "0",
            "elementid": "node_f22db348-5169-49eb-88d4-68d93d577b3f",
            "id": "qbp_72af5055-4078-48ad-90cf-ab11158522eb",
            "mean": "0",
            "name": "Transferir Creditos",
            "resource": "qbp_48d76dbd-a583-4475-8cd3-54fb8772fc05",
            "type": "FIXED"
        },
        {
            "arg1": "220769.3",
            "arg2": "0",
            "elementid": "node_62b5adcd-5d8d-4daf-9d57-ca0c9803902f",
            "id": "qbp_648870ea-c54e-4e85-9944-f21544d806bf",
            "mean": "184.9",
            "name": "Radicar Solicitud Homologacion",
            "resource": "qbp_cc006049-8534-40fe-a352-bfdec73213f6",
            "type": "LOGNORMAL"
        },
        {
            "arg1": "0",
            "arg2": "0",
            "elementid": "node_d9321ab3-caf4-41fb-b435-b53173946f1c",
            "id": "qbp_d74f008e-62cc-403f-9188-db8843ec61d5",
            "mean": "0",
            "name": "Transferir creditos homologables",
            "resource": "qbp_48d76dbd-a583-4475-8cd3-54fb8772fc05",
            "type": "FIXED"
        },
        {
            "arg1": "1791994.4",
            "arg2": "0",
            "elementid": "node_364ddcc8-195f-4ca9-898a-f8dd780217da",
            "id": "qbp_095f1231-a403-4071-8e1f-9638c8c3ce71",
            "mean": "1000.0",
            "name": "Validar solicitud",
            "resource": "qbp_008bcf6a-a30c-427b-9906-a1485e3ba781",
            "type": "GAMMA"
        },
        {
            "arg1": "1526195.3",
            "arg2": "0",
            "elementid": "node_073f9fd0-5628-4eb2-9aa5-e86c8197ed1f",
            "id": "qbp_999c37ee-7048-477e-a9ee-c3fdf6a19f4d",
            "mean": "474.8",
            "name": "Revisar curso",
            "resource": "qbp_008bcf6a-a30c-427b-9906-a1485e3ba781",
            "type": "GAMMA"
        },
        {
            "arg1": "2729.1",
            "arg2": "0",
            "elementid": "node_e0fcec91-7f04-4a95-95a2-928bb2e850d6",
            "id": "qbp_d38cdbab-9820-48f0-8e03-7aa9a89c1228",
            "mean": "0",
            "name": "Cancelar curso",
            "resource": "qbp_008bcf6a-a30c-427b-9906-a1485e3ba781",
            "type": "EXPONENTIAL"
        },
        {
            "arg1": "17263.3",
            "arg2": "0",
            "elementid": "node_146d3a4d-2080-46a8-b778-56cf3f584657",
            "id": "qbp_c09df973-9375-4a4e-ab2f-fc2eaeb1b7c9",
            "mean": "0",
            "name": "Recepcion de documentos",
            "resource": "qbp_ec8d0cab-4e18-4895-bf7c-ceb71bbea96f",
            "type": "EXPONENTIAL"
        },
        {
            "arg1": "0",
            "arg2": "0",
            "elementid": "node_e93b6d3c-007c-416e-841b-785292b84d75",
            "id": "qbp_588b6dfa-3d13-4ac9-b6c1-ccd0dec797b0",
            "mean": "0",
            "name": "Traer informacion estudiante - banner",
            "resource": "qbp_cc006049-8534-40fe-a352-bfdec73213f6",
            "type": "FIXED"
        },
        {
            "arg1": "70593668.5",
            "arg2": "0",
            "elementid": "node_556252d9-2bc6-419a-9579-af9565c0dfed",
            "id": "qbp_c33e6e71-a126-4815-b23f-dbb07be8a5d3",
            "mean": "5592.1",
            "name": "Homologacion por grupo de cursos",
            "resource": "qbp_48d76dbd-a583-4475-8cd3-54fb8772fc05",
            "type": "GAMMA"
        },
        {
            "arg1": "355.0",
            "arg2": "0",
            "elementid": "node_01b6bfe2-125a-4ede-87b8-653f9ffe3d0b",
            "id": "qbp_09fc54df-61e1-4dac-9541-8a1638a41155",
            "mean": "0",
            "name": "Validar solicitud / pre-homologacion",
            "resource": "qbp_008bcf6a-a30c-427b-9906-a1485e3ba781",
            "type": "EXPONENTIAL"
        },
        {
            "arg1": "1440.0",
            "arg2": "0",
            "elementid": "node_7f8445b6-9002-4d3a-9b24-6464c5c5e8d4",
            "id": "qbp_e3543ae8-27ed-469c-94ce-0ff3ae0aed7e",
            "mean": "0",
            "name": "Visto Bueno Cierre Proceso",
            "resource": "qbp_48d76dbd-a583-4475-8cd3-54fb8772fc05",
            "type": "EXPONENTIAL"
        },
        {
            "arg1": "4143199.0",
            "arg2": "0",
            "elementid": "node_48b6ec94-36d6-4003-befc-e3fed3cbf8f2",
            "id": "qbp_17f6a917-8f99-4002-81e6-9570d31d36ad",
            "mean": "1663.9",
            "name": "Cancelar Solicitud",
            "resource": "qbp_008bcf6a-a30c-427b-9906-a1485e3ba781",
            "type": "GAMMA"
        },
        {
            "arg1": "1683.1",
            "arg2": "0",
            "elementid": "node_01e9b602-175f-45ba-9bf8-f109ea86fe4b",
            "id": "qbp_983c1972-f6e5-44b4-ab88-a2100231b744",
            "mean": "0",
            "name": "Evaluacion curso",
            "resource": "qbp_48d76dbd-a583-4475-8cd3-54fb8772fc05",
            "type": "EXPONENTIAL"
        },
        {
            "arg1": "0",
            "arg2": "0",
            "elementid": "node_9218e8a5-d322-4022-bbbe-d1e6d7fcb96b",
            "id": "qbp_4dc79d01-5e6c-49cd-9201-170c377bd356",
            "mean": "0",
            "name": "End",
            "resource": "QBP_DEFAULT_RESOURCE",
            "type": "FIXED"
        },
        {
            "arg1": "0",
            "arg2": "0",
            "elementid": "node_c75d1ae0-a973-475b-86d9-938baceb9cc7",
            "id": "qbp_e50a8cbc-098c-45b3-af25-1c34b1241549",
            "mean": "0",
            "name": "Start",
            "resource": "QBP_DEFAULT_RESOURCE",
            "type": "FIXED"
        }
    ],
    "instances": "173",
    "resource_pool": [
        {
            "@costPerHour": "20",
            "@id": "QBP_DEFAULT_RESOURCE",
            "@name": "SYSTEM",
            "@timetableId": "QBP_ARR_DEFAULT_TIMETABLE",
            "@totalAmount": "20"
        },
        {
            "@costPerHour": "20",
            "@id": "qbp_cc006049-8534-40fe-a352-bfdec73213f6",
            "@name": "Role 1",
            "@timetableId": "QBP_RES_DEFAULT_TIMETABLE",
            "@totalAmount": "226"
        },
        {
            "@costPerHour": "20",
            "@id": "qbp_208bdaa6-710c-476f-8dd8-78919d4958a4",
            "@name": "Role 10",
            "@timetableId": "QBP_RES_DEFAULT_TIMETABLE",
            "@totalAmount": "1"
        },
        {
            "@costPerHour": "20",
            "@id": "qbp_4afdc074-b123-4474-8583-c69c361d3a47",
            "@name": "Role 11",
            "@timetableId": "QBP_RES_DEFAULT_TIMETABLE",
            "@totalAmount": "1"
        },
        {
            "@costPerHour": "20",
            "@id": "qbp_25a3a7a1-ea90-4260-a18c-7b787ef1e8dd",
            "@name": "Role 12",
            "@timetableId": "QBP_RES_DEFAULT_TIMETABLE",
            "@totalAmount": "1"
        },
        {
            "@costPerHour": "20",
            "@id": "qbp_f36c6fea-bcb1-4579-948f-9ffd4f49165a",
            "@name": "Role 13",
            "@timetableId": "QBP_RES_DEFAULT_TIMETABLE",
            "@totalAmount": "1"
        },
        {
            "@costPerHour": "20",
            "@id": "qbp_48d76dbd-a583-4475-8cd3-54fb8772fc05",
            "@name": "Role 2",
            "@timetableId": "QBP_RES_DEFAULT_TIMETABLE",
            "@totalAmount": "38"
        },
        {
            "@costPerHour": "20",
            "@id": "qbp_008bcf6a-a30c-427b-9906-a1485e3ba781",
            "@name": "Role 3",
            "@timetableId": "QBP_RES_DEFAULT_TIMETABLE",
            "@totalAmount": "13"
        },
        {
            "@costPerHour": "20",
            "@id": "qbp_1b83a9a3-91d4-4730-a886-650df07952e1",
            "@name": "Role 4",
            "@timetableId": "QBP_RES_DEFAULT_TIMETABLE",
            "@totalAmount": "12"
        },
        {
            "@costPerHour": "20",
            "@id": "qbp_3c2a036d-cb93-4a2d-b060-514e4753a544",
            "@name": "Role 5",
            "@timetableId": "QBP_RES_DEFAULT_TIMETABLE",
            "@totalAmount": "3"
        },
        {
            "@costPerHour": "20",
            "@id": "qbp_ec8d0cab-4e18-4895-bf7c-ceb71bbea96f",
            "@name": "Role 6",
            "@timetableId": "QBP_RES_DEFAULT_TIMETABLE",
            "@totalAmount": "2"
        },
        {
            "@costPerHour": "20",
            "@id": "qbp_95b6f002-2d9d-4792-a6b5-f69774872f14",
            "@name": "Role 7",
            "@timetableId": "QBP_RES_DEFAULT_TIMETABLE",
            "@totalAmount": "1"
        },
        {
            "@costPerHour": "20",
            "@id": "qbp_ff794541-0d91-4b79-bf6b-76e4a96d1088",
            "@name": "Role 8",
            "@timetableId": "QBP_RES_DEFAULT_TIMETABLE",
            "@totalAmount": "1"
        },
        {
            "@costPerHour": "20",
            "@id": "qbp_1c76bce5-e320-4b93-9f25-8d1516e88187",
            "@name": "Role 9",
            "@timetableId": "QBP_RES_DEFAULT_TIMETABLE",
            "@totalAmount": "1"
        }
    ],
    "rol_user": {
        "Role 1": [
            "8997",
            "6426",
            "8916",
            "4867",
            "955",
            "8443",
            "6186",
            "18289",
            "16695",
            "528",
            "8186",
            "8528",
            "2804",
            "8450",
            "2925",
            "3421",
            "2834",
            "5571",
            "9872",
            "26147",
            "8588",
            "4708",
            "6159",
            "8213",
            "1910",
            "11811",
            "12836",
            "6639",
            "11583",
            "7770",
            "11204",
            "12814",
            "9519",
            "5292",
            "5396",
            "9298",
            "22624",
            "8225",
            "2150",
            "3729",
            "1792",
            "8819",
            "4701",
            "9531",
            "8797",
            "3917",
            "2144",
            "5151",
            "6469",
            "4905",
            "3703",
            "5778",
            "6987",
            "3409",
            "15957",
            "11614",
            "5064",
            "9449",
            "9433",
            "4130",
            "5330",
            "4457",
            "26348",
            "7490",
            "9336",
            "20194",
            "13733",
            "11353",
            "6107",
            "4924",
            "11959",
            "8995",
            "9384",
            "14128",
            "17642",
            "6004",
            "8736",
            "305",
            "7007",
            "10995",
            "9886",
            "5667",
            "22795",
            "8248",
            "10296",
            "26298",
            "3296",
            "4765",
            "8786",
            "5573",
            "5588",
            "2649",
            "23530",
            "8142",
            "11692",
            "8536",
            "11706",
            "8854",
            "4834",
            "4148",
            "3747",
            "1684",
            "2133",
            "18760",
            "1959",
            "8455",
            "11327",
            "24517",
            "15884",
            "1134",
            "4918",
            "7897",
            "12006",
            "12915",
            "8371",
            "5183",
            "2453",
            "12129",
            "6437",
            "11218",
            "7611",
            "6039",
            "8772",
            "3656",
            "9711",
            "11181",
            "5714",
            "19214",
            "3019",
            "8022",
            "9348",
            "8064",
            "10962",
            "19582",
            "16273",
            "6723",
            "2981",
            "8428",
            "22074",
            "5290",
            "11973",
            "11174",
            "8744",
            "11197",
            "8824",
            "5793",
            "11854",
            "6876",
            "7664",
            "7071",
            "1471",
            "15862",
            "8556",
            "8955",
            "5275",
            "9427",
            "9437",
            "7573",
            "11775",
            "7492",
            "11349",
            "24544",
            "8655",
            "2274",
            "7682",
            "1515",
            "8065",
            "8651",
            "397",
            "15057",
            "10183",
            "5506",
            "22829",
            "9404",
            "26248",
            "14126",
            "7518",
            "9987",
            "17965",
            "11469",
            "8033",
            "8416",
            "4126",
            "2091",
            "15315",
            "8268",
            "15547",
            "9484",
            "26759",
            "7775",
            "11415",
            "17769",
            "5593",
            "7820",
            "11509",
            "8774",
            "5189",
            "7836",
            "9420",
            "8587",
            "8160",
            "26780",
            "8461",
            "11568",
            "1995",
            "22543",
            "9154",
            "5488",
            "23978",
            "7638",
            "5221",
            "4912",
            "22736",
            "8749",
            "17525",
            "6204",
            "12196",
            "3057",
            "3926",
            "7144",
            "19916",
            "13544",
            "11829",
            "341",
            "8223",
            "7854"
        ],
        "Role 10": [
            "943"
        ],
        "Role 11": [
            "17296"
        ],
        "Role 12": [
            "7314"
        ],
        "Role 13": [
            "26767"
        ],
        "Role 2": [
            "1007",
            "1343",
            "6952",
            "6889",
            "7323",
            "7088",
            "6985",
            "7387",
            "7763",
            "10726",
            "22439",
            "6958",
            "1422",
            "12548",
            "6990",
            "7316",
            "6799",
            "7331",
            "6971",
            "26763",
            "3445",
            "7369",
            "7304",
            "7394",
            "6995",
            "22496",
            "2541",
            "7299",
            "163",
            "22478",
            "15930",
            "22438",
            "4067",
            "4560",
            "7324",
            "26796",
            "7311",
            "6979"
        ],
        "Role 3": [
            "241",
            "7080",
            "669",
            "22475",
            "294",
            "22404",
            "6767",
            "7297",
            "677",
            "6694",
            "6400",
            "18929",
            "19019"
        ],
        "Role 4": [
            "387",
            "9184",
            "1707",
            "7019",
            "7320",
            "716",
            "920",
            "5802",
            "448",
            "49",
            "659",
            "2292"
        ],
        "Role 5": [
            "1314",
            "410",
            "26757"
        ],
        "Role 6": [
            "157",
            "26789"
        ],
        "Role 7": [
            "22491"
        ],
        "Role 8": [
            "10923"
        ],
        "Role 9": [
            "1"
        ]
    },
    "sequences": [
        {
            "elementid": "node_cb2815af-3300-42a4-8f71-53851ecb8a97",
            "gatewayid": "node_d6df9278-754d-49db-94dd-e78d62848738",
            "out_path_id": "node_146d3a4d-2080-46a8-b778-56cf3f584657",
            "prob": "0.023026315789473683"
        },
        {
            "elementid": "node_78dbad57-36c4-45e6-9508-83653a9c60dd",
            "gatewayid": "node_d6df9278-754d-49db-94dd-e78d62848738",
            "out_path_id": "node_073f9fd0-5628-4eb2-9aa5-e86c8197ed1f",
            "prob": "0.41776315789473684"
        },
        {
            "elementid": "node_2ca6bb24-75c5-45d0-ab83-d424ed620e81",
            "gatewayid": "node_d6df9278-754d-49db-94dd-e78d62848738",
            "out_path_id": "node_482cce4a-a8ce-4c3e-9c87-1937bedf650c",
            "prob": "0.5592105263157895"
        },
        {
            "elementid": "node_28c33e5a-dff0-4230-ac12-0b7bcf99cd43",
            "gatewayid": "node_1deba3a4-68a3-42ac-98f9-e4de39cb8df3",
            "out_path_id": "node_01e9b602-175f-45ba-9bf8-f109ea86fe4b",
            "prob": "0.4230769230769231"
        },
        {
            "elementid": "node_31add231-cc02-4059-b48d-19703e269c2b",
            "gatewayid": "node_1deba3a4-68a3-42ac-98f9-e4de39cb8df3",
            "out_path_id": "node_e0fcec91-7f04-4a95-95a2-928bb2e850d6",
            "prob": "0.06538461538461539"
        },
        {
            "elementid": "node_f4a23664-84e5-4dca-b397-82f8046c6293",
            "gatewayid": "node_1deba3a4-68a3-42ac-98f9-e4de39cb8df3",
            "out_path_id": "node_3a6849ea-2668-4ee6-bf98-a9d0ebb21274",
            "prob": "0.29615384615384616"
        },
        {
            "elementid": "node_82f7e7c6-f85a-4e34-a5de-dd7af525dfc7",
            "gatewayid": "node_1deba3a4-68a3-42ac-98f9-e4de39cb8df3",
            "out_path_id": "node_a209f1b1-6062-47a3-8296-33f429bb210f",
            "prob": "0.2153846153846154"
        },
        {
            "elementid": "node_6480c8cc-0fc8-4377-a79e-209c155fd346",
            "gatewayid": "node_6e8a2040-ad44-4351-aee7-4c27bf940d63",
            "out_path_id": "node_f22db348-5169-49eb-88d4-68d93d577b3f",
            "prob": "0.8333333333333334"
        },
        {
            "elementid": "node_9b40ebd1-db04-43bf-a44d-ddade75f6dda",
            "gatewayid": "node_6e8a2040-ad44-4351-aee7-4c27bf940d63",
            "out_path_id": "node_e2a752f3-c67a-4669-a485-3240e32f80e6",
            "prob": "0.16666666666666666"
        },
        {
            "elementid": "node_51f0e5ee-f047-497e-b333-b596969e56d5",
            "gatewayid": "node_43be8efc-88d9-4b34-bcfc-7c11b11509b5",
            "out_path_id": "node_364ddcc8-195f-4ca9-898a-f8dd780217da",
            "prob": "0.5542986425339367"
        },
        {
            "elementid": "node_a35e519e-33c3-476b-86f4-0f3fdc44790f",
            "gatewayid": "node_43be8efc-88d9-4b34-bcfc-7c11b11509b5",
            "out_path_id": "node_48b6ec94-36d6-4003-befc-e3fed3cbf8f2",
            "prob": "0.4457013574660634"
        },
        {
            "elementid": "node_31148c4b-64c6-4548-9e81-08b52c36f305",
            "gatewayid": "node_82a35dc6-fcf4-4eed-8eee-55c4597a1185",
            "out_path_id": "node_3670eb1e-4a44-48b6-b3a2-aefdb692d118",
            "prob": "0.05555555555555555"
        },
        {
            "elementid": "node_a604e196-ce35-47ad-8362-a54b1e171821",
            "gatewayid": "node_82a35dc6-fcf4-4eed-8eee-55c4597a1185",
            "out_path_id": "node_36afb5a1-a699-4909-85e8-2c638e8599d7",
            "prob": "0.9444444444444444"
        },
        {
            "elementid": "node_1dda9eab-a0dd-48a0-9e3e-fbd0f8258526",
            "gatewayid": "node_c745d420-e55a-42d5-bcc6-cdbf7112eefe",
            "out_path_id": "node_01b6bfe2-125a-4ede-87b8-653f9ffe3d0b",
            "prob": "0.3619047619047619"
        },
        {
            "elementid": "node_7932a28c-362c-4041-b1d1-8d430f33e382",
            "gatewayid": "node_c745d420-e55a-42d5-bcc6-cdbf7112eefe",
            "out_path_id": "node_36afb5a1-a699-4909-85e8-2c638e8599d7",
            "prob": "0.638095238095238"
        }
    ],
    "start_time": "2016-05-18T18:56:01.999999+00:00",
    "time_table": [
        {
            "@default": "true",
            "@id": "QBP_ARR_DEFAULT_TIMETABLE",
            "@name": "Default",
            "qbp:rules": {
                "qbp:rule": {
                    "@fromTime": "09:00:00.000+00:00",
                    "@fromWeekDay": "MONDAY",
                    "@toTime": "17:00:00.000+00:00",
                    "@toWeekDay": "FRIDAY"
                }
            }
        },
        {
            "@default": "false",
            "@id": "QBP_RES_DEFAULT_TIMETABLE",
            "@name": "24/7",
            "qbp:rules": {
                "qbp:rule": {
                    "@fromTime": "00:00:00.000+00:00",
                    "@fromWeekDay": "MONDAY",
                    "@toTime": "23:59:59.999+00:00",
                    "@toWeekDay": "SUNDAY"
                }
            }
        }
    ]
}