{
    "arrival_rate": {
        "dname": "EXPONENTIAL",
        "dparams": {
            "arg1": "1256.9",
            "arg2": "0",
            "mean": "0"
        }
    },
    "discovery_parameters": {
        "and_prior": "false",
        "arr_confidence": "7.33025544006248",
        "arr_support": "0.04429672743860415",
        "epsilon": "0.4343118546641255",
        "eta": "0.005070782854862399",
        "gate_management": "discovery",
        "or_rep": "true",
        "res_dtype": "DataType.LV917"
    },
    "elements_data": [
        {
            "arg1": "1063485508.5",
            "arg2": "0",
            "elementid": "node_2be45f99-f9c1-43ae-9a80-e197f62f1311",
            "id": "qbp_e8eae7bb-0355-48f1-893a-19594ddb5d09",
            "mean": "9542.0",
            "name": "Check  application  form completeness",
            "resource": "qbp_72770ba6-4a6d-44ea-9af2-28789773851d",
            "type": "LOGNORMAL"
        },
        {
            "arg1": "461021569.1",
            "arg2": "0",
            "elementid": "node_9a4b70c0-5826-48be-aac8-63af1af9d073",
            "id": "qbp_10bbfdc1-f2d2-4e06-8330-266795bc2c2f",
            "mean": "7280.5",
            "name": "Assess loan risk",
            "resource": "qbp_31bcb74f-200d-4145-9420-9265e245359e",
            "type": "LOGNORMAL"
        },
        {
            "arg1": "843278119.7",
            "arg2": "0",
            "elementid": "node_1d35a4df-8d60-41b7-88a5-9a25f2344a16",
            "id": "qbp_08f9ccd4-96b4-4179-a7fc-cbf0e8ffd435",
            "mean": "8299.1",
            "name": "Appraise property",
            "resource": "qbp_18cae2bb-2450-4fca-8520-ea3e21d05ca5",
            "type": "LOGNORMAL"
        },
        {
            "arg1": "428867733.2",
            "arg2": "0",
            "elementid": "node_3086d513-86bb-4882-baf1-56c3d7bdc6ce",
            "id": "qbp_7345d2d1-fe66-4e7f-b09c-a19bf769b048",
            "mean": "6275.8",
            "name": "Prepare acceptance pack",
            "resource": "qbp_72770ba6-4a6d-44ea-9af2-28789773851d",
            "type": "LOGNORMAL"
        },
        {
            "arg1": "518347669.2",
            "arg2": "0",
            "elementid": "node_9f204f74-9a18-45a0-8137-47531328566e",
            "id": "qbp_75191b78-4dd7-43d9-bf01-746ad5493afa",
            "mean": "5727.2",
            "name": "Approve Loan Offer",
            "resource": "qbp_49c5635e-01fe-45ed-b2d7-ff21cd9b399c",
            "type": "LOGNORMAL"
        },
        {
            "arg1": "151750080.3",
            "arg2": "0",
            "elementid": "node_8d0941a0-d71d-41d5-addf-01f39e9c19e3",
            "id": "qbp_be2d179f-cd99-43f6-a6d8-8c63928f0305",
            "mean": "4401.9",
            "name": "Design loan offer",
            "resource": "qbp_31bcb74f-200d-4145-9420-9265e245359e",
            "type": "LOGNORMAL"
        },
        {
            "arg1": "139327995.4",
            "arg2": "0",
            "elementid": "node_a75dc141-6e79-4a41-aecf-3ff46053a82a",
            "id": "qbp_358138dc-27ea-457d-a0a9-2d4645153b80",
            "mean": "3975.2",
            "name": "Approve and post home insurance quote",
            "resource": "qbp_31bcb74f-200d-4145-9420-9265e245359e",
            "type": "LOGNORMAL"
        },
        {
            "arg1": "125181337.5",
            "arg2": "0",
            "elementid": "node_a4ed6c50-d6f5-4ae7-aa92-c025f07a030c",
            "id": "qbp_ebbf96ce-6029-4229-a602-0efb0fc24aba",
            "mean": "3830.0",
            "name": "Cancel application",
            "resource": "qbp_72770ba6-4a6d-44ea-9af2-28789773851d",
            "type": "LOGNORMAL"
        },
        {
            "arg1": "370524509.7",
            "arg2": "0",
            "elementid": "node_b3deeb28-6c1c-4be8-bdb9-e6c395efc12b",
            "id": "qbp_901e4a5d-0e69-4514-8d9c-eba091868220",
            "mean": "8536.8",
            "name": "Approve application",
            "resource": "qbp_72770ba6-4a6d-44ea-9af2-28789773851d",
            "type": "LOGNORMAL"
        },
        {
            "arg1": "747723518.5",
            "arg2": "0",
            "elementid": "node_165ee76c-82ba-4751-a90f-153b1029445c",
            "id": "qbp_d1a33ecd-99ac-4f54-8928-226afcaf97c9",
            "mean": "7792.5",
            "name": "AML Check",
            "resource": "qbp_46318ffc-9e13-43f4-9fcc-258d441b8fb8",
            "type": "LOGNORMAL"
        },
        {
            "arg1": "635046752.7",
            "arg2": "0",
            "elementid": "node_3c561d59-cd48-4b6d-9fd8-a17533dac02b",
            "id": "qbp_a1046a59-9461-40c3-92ca-f3a032213020",
            "mean": "7031.3",
            "name": "Approve and send\u00a0 acceptance pack",
            "resource": "qbp_31bcb74f-200d-4145-9420-9265e245359e",
            "type": "LOGNORMAL"
        },
        {
            "arg1": "422836834.2",
            "arg2": "0",
            "elementid": "node_8b4d439a-0200-4362-a515-a3e8481cc056",
            "id": "qbp_7e1b70b1-8b94-4e93-bbed-cf9207bc8256",
            "mean": "6260.4",
            "name": "Prepare home insurance quote",
            "resource": "qbp_72770ba6-4a6d-44ea-9af2-28789773851d",
            "type": "LOGNORMAL"
        },
        {
            "arg1": "771969454.7",
            "arg2": "0",
            "elementid": "node_03406129-bb7b-4796-8a79-a562275eb122",
            "id": "qbp_8cbd23bd-5cc3-4026-9fc5-5bd203adf3e8",
            "mean": "6584.8",
            "name": "Reject application",
            "resource": "qbp_49c5635e-01fe-45ed-b2d7-ff21cd9b399c",
            "type": "LOGNORMAL"
        },
        {
            "arg1": "229848372.3",
            "arg2": "0",
            "elementid": "node_927d6052-1f97-4154-bbdb-93a5ec36ea4a",
            "id": "qbp_b1d61655-b8c2-476b-a6d3-ceae4cb3e3d5",
            "mean": "5731.1",
            "name": "Return application back to applicant",
            "resource": "qbp_72770ba6-4a6d-44ea-9af2-28789773851d",
            "type": "LOGNORMAL"
        },
        {
            "arg1": "716054249.6",
            "arg2": "0",
            "elementid": "node_e09db4f2-fd44-4bda-aea4-8e3ea469503b",
            "id": "qbp_230c55d4-bf46-456a-9d6b-c71f6c5ac9a1",
            "mean": "7334.1",
            "name": "Check credit history",
            "resource": "qbp_72770ba6-4a6d-44ea-9af2-28789773851d",
            "type": "LOGNORMAL"
        },
        {
            "arg1": "0",
            "arg2": "0",
            "elementid": "node_f680fc0e-ef3d-4756-8158-7dae0962ba57",
            "id": "qbp_4dc77236-6ecc-4b15-a64a-e023e723c6df",
            "mean": "0",
            "name": "End",
            "resource": "QBP_DEFAULT_RESOURCE",
            "type": "FIXED"
        },
        {
            "arg1": "0",
            "arg2": "0",
            "elementid": "node_fb821c76-e34a-41b8-808a-d85fd74fb0b8",
            "id": "qbp_2a404117-5fc0-4ff8-a92c-42aa713ee82f",
            "mean": "0",
            "name": "Start",
            "resource": "QBP_DEFAULT_RESOURCE",
            "type": "FIXED"
        }
    ],
    "instances": "178",
    "resource_pool": [
        {
            "@costPerHour": "20",
            "@id": "QBP_DEFAULT_RESOURCE",
            "@name": "SYSTEM",
            "@timetableId": "Discovered_CASES_ARRIVAL_CALENDAR",
            "@totalAmount": "20"
        },
        {
            "@costPerHour": "20",
            "@id": "qbp_72770ba6-4a6d-44ea-9af2-28789773851d",
            "@name": "Role 1",
            "@timetableId": "QBP_RES_DEFAULT_TIMETABLE",
            "@totalAmount": "8"
        },
        {
            "@costPerHour": "20",
            "@id": "qbp_31bcb74f-200d-4145-9420-9265e245359e",
            "@name": "Role 2",
            "@timetableId": "QBP_RES_DEFAULT_TIMETABLE",
            "@totalAmount": "5"
        },
        {
            "@costPerHour": "20",
            "@id": "qbp_18cae2bb-2450-4fca-8520-ea3e21d05ca5",
            "@name": "Role 3",
            "@timetableId": "QBP_RES_DEFAULT_TIMETABLE",
            "@totalAmount": "2"
        },
        {
            "@costPerHour": "20",
            "@id": "qbp_46318ffc-9e13-43f4-9fcc-258d441b8fb8",
            "@name": "Role 4",
            "@timetableId": "QBP_RES_DEFAULT_TIMETABLE",
            "@totalAmount": "2"
        },
        {
            "@costPerHour": "20",
            "@id": "qbp_49c5635e-01fe-45ed-b2d7-ff21cd9b399c",
            "@name": "Role 5",
            "@timetableId": "QBP_RES_DEFAULT_TIMETABLE",
            "@totalAmount": "2"
        }
    ],
    "rol_user": {
        "Role 1": [
            "Clerk-000003",
            "Clerk-000004",
            "Clerk-000005",
            "Clerk-000006",
            "Clerk-000007",
            "Clerk-000008",
            "Clerk-000001",
            "Clerk-000002"
        ],
        "Role 2": [
            "Loan Officer-000001",
            "Loan Officer-000002",
            "Loan Officer-000003",
            "Loan Officer-000004",
            "Loan Officer-000005"
        ],
        "Role 3": [
            "Appraiser-000001",
            "Appraiser-000002"
        ],
        "Role 4": [
            "AML Investigator-000001",
            "AML Investigator-000002"
        ],
        "Role 5": [
            "Senior Officer-000002",
            "Senior Officer-000001"
        ]
    },
    "sequences": [
        {
            "elementid": "node_c5c9499b-911d-4b42-a78a-9530d4f50d20",
            "gatewayid": "node_224172c9-562d-4281-a480-8fbda3c763af",
            "out_path_id": "node_8d0941a0-d71d-41d5-addf-01f39e9c19e3",
            "prob": "0.5223048327137546"
        },
        {
            "elementid": "node_cf3735eb-55f1-42d9-b81e-cf831a4ba633",
            "gatewayid": "node_224172c9-562d-4281-a480-8fbda3c763af",
            "out_path_id": "node_03406129-bb7b-4796-8a79-a562275eb122",
            "prob": "0.47769516728624534"
        },
        {
            "elementid": "node_17fd9efa-590f-4876-ac51-b5658d4ac9da",
            "gatewayid": "node_bce20b24-1e05-4040-b4b2-441015ba18f7",
            "out_path_id": "node_927d6052-1f97-4154-bbdb-93a5ec36ea4a",
            "prob": "0.1885245901639344"
        },
        {
            "elementid": "node_63bc6e4b-33a7-4511-a561-0a66554bdf25",
            "gatewayid": "node_bce20b24-1e05-4040-b4b2-441015ba18f7",
            "out_path_id": "node_67798247-f97a-433a-a5a7-a2af0310d6cc",
            "prob": "0.8114754098360656"
        }
    ],
    "start_time": "2015-04-17T13:56:30.781999+00:00",
    "time_table": [
        {
            "@default": "true",
            "@id": "Discovered_CASES_ARRIVAL_CALENDAR",
            "@name": "Discovered_CASES_ARRIVAL_CALENDAR",
            "qbp:rules": {
                "qbp:rule": [
                    {
                        "@fromTime": "11:00:00.000000+00:00",
                        "@fromWeekDay": "TUESDAY",
                        "@toTime": "19:59:00.000000+00:00",
                        "@toWeekDay": "TUESDAY"
                    },
                    {
                        "@fromTime": "11:00:00.000000+00:00",
                        "@fromWeekDay": "WEDNESDAY",
                        "@toTime": "19:59:00.000000+00:00",
                        "@toWeekDay": "WEDNESDAY"
                    },
                    {
                        "@fromTime": "11:00:00.000000+00:00",
                        "@fromWeekDay": "THURSDAY",
                        "@toTime": "19:59:00.000000+00:00",
                        "@toWeekDay": "THURSDAY"
                    },
                    {
                        "@fromTime": "11:00:00.000000+00:00",
                        "@fromWeekDay": "FRIDAY",
                        "@toTime": "19:59:00.000000+00:00",
                        "@toWeekDay": "FRIDAY"
                    },
                    {
                        "@fromTime": "11:00:00.000000+00:00",
                        "@fromWeekDay": "SATURDAY",
                        "@toTime": "19:59:00.000000+00:00",
                        "@toWeekDay": "SATURDAY"
                    }
                ]
            }
        },
        {
            "@default": "false",
            "@id": "QBP_RES_DEFAULT_TIMETABLE",
            "@name": "Default",
            "qbp:rules": {
                "qbp:rule": {
                    "@fromTime": "09:00:00.000+00:00",
                    "@fromWeekDay": "MONDAY",
                    "@toTime": "17:00:00.000+00:00",
                    "@toWeekDay": "FRIDAY"
                }
            }
        }
    ]
}