{
    "arrival_rate": {
        "dname": "LOGNORMAL",
        "dparams": {
            "arg1": "922769.4",
            "arg2": "0",
            "mean": "532.8"
        }
    },
    "discovery_parameters": {
        "and_prior": "true",
        "arr_dtype": "DataType.DT247",
        "epsilon": "0.7612220991979293",
        "eta": "0.9163529812755896",
        "gate_management": "discovery",
        "or_rep": "true",
        "res_dtype": "DataType.LV917"
    },
    "elements_data": [
        {
            "arg1": "369550956.5",
            "arg2": "0",
            "elementid": "node_a9bcf646-0225-4ae5-a1ba-0e2aba495346",
            "id": "qbp_94f5e669-2fc8-4266-868e-08cba5664e4e",
            "mean": "8369.8",
            "name": "Approve and post home insurance quote",
            "resource": "qbp_c53ce4ff-7039-4abb-be22-ff835078eee7",
            "type": "LOGNORMAL"
        },
        {
            "arg1": "19596755974.4",
            "arg2": "0",
            "elementid": "node_ddbdbdcb-bb55-4e5a-b168-919499da0bbc",
            "id": "qbp_e178ef06-39c5-4135-843b-3a8859c9d7b8",
            "mean": "53737.3",
            "name": "Assess loan risk",
            "resource": "qbp_c53ce4ff-7039-4abb-be22-ff835078eee7",
            "type": "LOGNORMAL"
        },
        {
            "arg1": "169850073.7",
            "arg2": "0",
            "elementid": "node_24a0c02a-a734-4d09-9d4d-854337796cf0",
            "id": "qbp_161ce3cd-6b38-4d8f-808b-ce63c66ebe12",
            "mean": "4526.5",
            "name": "Prepare acceptance pack",
            "resource": "qbp_81e2d81d-08bc-4c1b-8530-501a51221e86",
            "type": "LOGNORMAL"
        },
        {
            "arg1": "985979714.4",
            "arg2": "0",
            "elementid": "node_315ae652-1ba1-4ac3-9111-704e275418f2",
            "id": "qbp_4a71e20f-2e16-4230-910d-123be72e8177",
            "mean": "5595.1",
            "name": "Approve Loan Offer",
            "resource": "qbp_f0ae7fef-330d-4cb8-815f-a855e6be85fb",
            "type": "LOGNORMAL"
        },
        {
            "arg1": "10527686005.3",
            "arg2": "0",
            "elementid": "node_57d991ed-352f-48c0-af8b-dd1bc496d70d",
            "id": "qbp_3ab7d543-51e6-49a3-b732-802560798e18",
            "mean": "27123.9",
            "name": "Check  application  form completeness",
            "resource": "qbp_81e2d81d-08bc-4c1b-8530-501a51221e86",
            "type": "LOGNORMAL"
        },
        {
            "arg1": "7134289648.6",
            "arg2": "0",
            "elementid": "node_536c9dfd-e037-4a52-aa91-a1c7b0cabc3c",
            "id": "qbp_9a28a5d1-da16-45c2-be21-a4a820d6980f",
            "mean": "19377.5",
            "name": "AML Check",
            "resource": "qbp_4e452a09-e9a3-410e-a367-5a77142a9c1a",
            "type": "LOGNORMAL"
        },
        {
            "arg1": "273708070.6",
            "arg2": "0",
            "elementid": "node_3529d904-1e87-4b18-b1d2-ea313c1c1a2d",
            "id": "qbp_a283628a-1840-49eb-90d1-28f6e2b52f13",
            "mean": "6532.6",
            "name": "Prepare home insurance quote",
            "resource": "qbp_81e2d81d-08bc-4c1b-8530-501a51221e86",
            "type": "LOGNORMAL"
        },
        {
            "arg1": "117168276.6",
            "arg2": "0",
            "elementid": "node_f9a1bfa5-decd-4bb1-87cb-e519d7814115",
            "id": "qbp_a2f90a89-8fd3-47cc-8945-8ec66f25446d",
            "mean": "3689.2",
            "name": "Design loan offer",
            "resource": "qbp_c53ce4ff-7039-4abb-be22-ff835078eee7",
            "type": "LOGNORMAL"
        },
        {
            "arg1": "4246534443.3",
            "arg2": "0",
            "elementid": "node_cf89ff9f-6e9f-43d0-a1c4-5ce59135bcb8",
            "id": "qbp_9f53eb9f-1fa5-461d-83e7-9d1f7f7dd6af",
            "mean": "12640.6",
            "name": "Return application back to applicant",
            "resource": "qbp_81e2d81d-08bc-4c1b-8530-501a51221e86",
            "type": "LOGNORMAL"
        },
        {
            "arg1": "7098476620.4",
            "arg2": "0",
            "elementid": "node_d007da5c-b5d2-4973-b8bf-8766611ce2c7",
            "id": "qbp_e609db31-d342-47e7-871f-f3acb95eb6a3",
            "mean": "19509.1",
            "name": "Appraise property",
            "resource": "qbp_17983b66-851f-4bcc-9f12-546d1bafbdfa",
            "type": "LOGNORMAL"
        },
        {
            "arg1": "4771984377.1",
            "arg2": "0",
            "elementid": "node_77daadde-cfe5-40d9-8f4c-d0e6c6547272",
            "id": "qbp_bd0e3073-1a3a-4d01-ac16-626e673d036a",
            "mean": "15103.4",
            "name": "Check credit history",
            "resource": "qbp_81e2d81d-08bc-4c1b-8530-501a51221e86",
            "type": "LOGNORMAL"
        },
        {
            "arg1": "280550703.2",
            "arg2": "0",
            "elementid": "node_3ba62e82-9aa6-42d8-b6d4-8fd746d587eb",
            "id": "qbp_4e369473-3a24-4c16-9003-b35eddd374fe",
            "mean": "6708.8",
            "name": "Approve and send\u00a0 acceptance pack",
            "resource": "qbp_c53ce4ff-7039-4abb-be22-ff835078eee7",
            "type": "LOGNORMAL"
        },
        {
            "arg1": "28528460723.7",
            "arg2": "0",
            "elementid": "node_5944411b-8e4c-4b8b-bdcc-9db501ec178c",
            "id": "qbp_20b4a4ab-f0cc-489d-a6f6-e80282344429",
            "mean": "73567.2",
            "name": "Cancel application",
            "resource": "qbp_81e2d81d-08bc-4c1b-8530-501a51221e86",
            "type": "LOGNORMAL"
        },
        {
            "arg1": "3951757015.8",
            "arg2": "0",
            "elementid": "node_822e0231-80d8-4de1-9494-fb5144916aa4",
            "id": "qbp_128c23f5-aa98-4f3d-ae7b-a7c3fd62f849",
            "mean": "18168.3",
            "name": "Reject application",
            "resource": "qbp_f0ae7fef-330d-4cb8-815f-a855e6be85fb",
            "type": "LOGNORMAL"
        },
        {
            "arg1": "27674500797.1",
            "arg2": "0",
            "elementid": "node_8c1b0bde-cf5c-4598-8003-678329b3769a",
            "id": "qbp_ed5155f4-a5b1-4e2b-b1fa-2d073e772864",
            "mean": "71051.0",
            "name": "Approve application",
            "resource": "qbp_81e2d81d-08bc-4c1b-8530-501a51221e86",
            "type": "LOGNORMAL"
        },
        {
            "arg1": "0",
            "arg2": "0",
            "elementid": "node_ebdf87ca-3b3f-48ba-b740-02de58556591",
            "id": "qbp_e3c56b4a-06fc-4e21-b501-3b96f15b8bce",
            "mean": "0",
            "name": "End",
            "resource": "QBP_DEFAULT_RESOURCE",
            "type": "FIXED"
        },
        {
            "arg1": "0",
            "arg2": "0",
            "elementid": "node_b7662d85-f061-43d3-9520-e0d1dc434af4",
            "id": "qbp_d8a0552f-cd61-4936-a022-6609eaa15af2",
            "mean": "0",
            "name": "Start",
            "resource": "QBP_DEFAULT_RESOURCE",
            "type": "FIXED"
        }
    ],
    "instances": "200",
    "resource_pool": [
        {
            "@costPerHour": "20",
            "@id": "QBP_DEFAULT_RESOURCE",
            "@name": "SYSTEM",
            "@timetableId": "QBP_ARR_DEFAULT_TIMETABLE",
            "@totalAmount": "20"
        },
        {
            "@costPerHour": "20",
            "@id": "qbp_81e2d81d-08bc-4c1b-8530-501a51221e86",
            "@name": "Role 1",
            "@timetableId": "QBP_RES_DEFAULT_TIMETABLE",
            "@totalAmount": "15"
        },
        {
            "@costPerHour": "20",
            "@id": "qbp_c53ce4ff-7039-4abb-be22-ff835078eee7",
            "@name": "Role 2",
            "@timetableId": "QBP_RES_DEFAULT_TIMETABLE",
            "@totalAmount": "10"
        },
        {
            "@costPerHour": "20",
            "@id": "qbp_4e452a09-e9a3-410e-a367-5a77142a9c1a",
            "@name": "Role 3",
            "@timetableId": "QBP_RES_DEFAULT_TIMETABLE",
            "@totalAmount": "3"
        },
        {
            "@costPerHour": "20",
            "@id": "qbp_17983b66-851f-4bcc-9f12-546d1bafbdfa",
            "@name": "Role 4",
            "@timetableId": "QBP_RES_DEFAULT_TIMETABLE",
            "@totalAmount": "3"
        },
        {
            "@costPerHour": "20",
            "@id": "qbp_f0ae7fef-330d-4cb8-815f-a855e6be85fb",
            "@name": "Role 5",
            "@timetableId": "QBP_RES_DEFAULT_TIMETABLE",
            "@totalAmount": "3"
        }
    ],
    "rol_user": {
        "Role 1": [
            "Clerk-000002",
            "Clerk-000003",
            "Clerk-000005",
            "Clerk-000006",
            "Clerk-000007",
            "Clerk-000008",
            "Clerk-000011",
            "Clerk-000012",
            "Clerk-000013",
            "Clerk-000014",
            "Clerk-000015",
            "Clerk-000001",
            "Clerk-000009",
            "Clerk-000010",
            "Clerk-000004"
        ],
        "Role 2": [
            "Loan Officer-000001",
            "Loan Officer-000002",
            "Loan Officer-000004",
            "Loan Officer-000005",
            "Loan Officer-000006",
            "Loan Officer-000010",
            "Loan Officer-000008",
            "Loan Officer-000003",
            "Loan Officer-000009",
            "Loan Officer-000007"
        ],
        "Role 3": [
            "AML Investigator-000001",
            "AML Investigator-000002",
            "AML Investigator-000003"
        ],
        "Role 4": [
            "Appraiser-000002",
            "Appraiser-000001",
            "Appraiser-000003"
        ],
        "Role 5": [
            "Senior Officer-000001",
            "Senior Officer-000003",
            "Senior Officer-000002"
        ]
    },
    "sequences": [
        {
            "elementid": "node_060a78fe-c48c-466a-b9a4-7446a618204e",
            "gatewayid": "node_00646579-92bd-4f0c-83fb-356db5985d99",
            "out_path_id": "node_77daadde-cfe5-40d9-8f4c-d0e6c6547272",
            "prob": "0.8170347003154574"
        },
        {
            "elementid": "node_1358794b-ec67-4702-a226-aee4e37b3363",
            "gatewayid": "node_00646579-92bd-4f0c-83fb-356db5985d99",
            "out_path_id": "node_cf89ff9f-6e9f-43d0-a1c4-5ce59135bcb8",
            "prob": "0.1829652996845426"
        },
        {
            "elementid": "node_682b8d8a-25d2-4888-8261-7571c4f55dcd",
            "gatewayid": "node_73cadd0c-5b7d-4eb3-85cd-7a6a26da5cb5",
            "out_path_id": "node_24a0c02a-a734-4d09-9d4d-854337796cf0",
            "prob": "0.5"
        },
        {
            "elementid": "node_cd2c90a7-d03d-47d0-a4ee-02be0b204aae",
            "gatewayid": "node_73cadd0c-5b7d-4eb3-85cd-7a6a26da5cb5",
            "out_path_id": "node_3ba62e82-9aa6-42d8-b6d4-8fd746d587eb",
            "prob": "0.5"
        },
        {
            "elementid": "node_f295751b-082f-4ae4-a4fa-6a349d27621c",
            "gatewayid": "node_1a9c1bdc-8255-44fd-9460-530767b6a3d8",
            "out_path_id": "node_1163b624-fbbe-481e-ac83-30f0724278ea",
            "prob": "0.99"
        },
        {
            "elementid": "node_fac80a29-65f7-40af-885e-c255b4b7995c",
            "gatewayid": "node_1a9c1bdc-8255-44fd-9460-530767b6a3d8",
            "out_path_id": "node_30ed6eea-81cb-4ef0-94a5-f70a62ced493",
            "prob": "0.01"
        },
        {
            "elementid": "node_5f09ccb3-3738-4fd3-9712-0ce3fb982ee9",
            "gatewayid": "node_2b720400-b419-40f9-96bf-40cb38bd82c2",
            "out_path_id": "node_8c1b0bde-cf5c-4598-8003-678329b3769a",
            "prob": "0.99"
        },
        {
            "elementid": "node_00433376-9841-4ec3-af1a-2569a7790a0e",
            "gatewayid": "node_2b720400-b419-40f9-96bf-40cb38bd82c2",
            "out_path_id": "node_1163b624-fbbe-481e-ac83-30f0724278ea",
            "prob": "0.01"
        },
        {
            "elementid": "node_9e7bff9e-a8c4-4a71-858c-b1aab1eb7332",
            "gatewayid": "node_5ddf81de-cd51-487a-9872-3039f2585fd6",
            "out_path_id": "node_822e0231-80d8-4de1-9494-fb5144916aa4",
            "prob": "0.470479704797048"
        },
        {
            "elementid": "node_a0d70488-0932-463f-85c4-07d2e16db2b8",
            "gatewayid": "node_5ddf81de-cd51-487a-9872-3039f2585fd6",
            "out_path_id": "node_f9a1bfa5-decd-4bb1-87cb-e519d7814115",
            "prob": "0.5295202952029521"
        }
    ],
    "start_time": "2015-04-14T17:07:25.049999+00:00",
    "time_table": [
        {
            "@default": "true",
            "@id": "QBP_ARR_DEFAULT_TIMETABLE",
            "@name": "24/7",
            "qbp:rules": {
                "qbp:rule": {
                    "@fromTime": "00:00:00.000+00:00",
                    "@fromWeekDay": "MONDAY",
                    "@toTime": "23:59:59.999+00:00",
                    "@toWeekDay": "SUNDAY"
                }
            }
        },
        {
            "@default": "false",
            "@id": "QBP_RES_DEFAULT_TIMETABLE",
            "@name": "Default",
            "qbp:rules": {
                "qbp:rule": {
                    "@fromTime": "09:00:00.000+00:00",
                    "@fromWeekDay": "MONDAY",
                    "@toTime": "17:00:00.000+00:00",
                    "@toWeekDay": "FRIDAY"
                }
            }
        }
    ]
}