{
    "arrival_rate": {
        "dname": "LOGNORMAL",
        "dparams": {
            "arg1": "4795491.0",
            "arg2": "0",
            "mean": "1061.3"
        }
    },
    "discovery_parameters": {
        "and_prior": "true",
        "arr_dtype": "DataType.LV917",
        "epsilon": "0.031064312038257547",
        "eta": "0.9702907362087544",
        "gate_management": "discovery",
        "or_rep": "false",
        "res_dtype": "DataType.LV917"
    },
    "elements_data": [
        {
            "arg1": "5906638451.0",
            "arg2": "0",
            "elementid": "node_59fad4ed-c521-4dc8-98bd-e1157d57ab85",
            "id": "qbp_72411ad0-8e5c-48ed-be86-1ed5507f6c5a",
            "mean": "26620.3",
            "name": "Reject application",
            "resource": "qbp_706267dd-7e0c-4869-9566-4577b7497348",
            "type": "LOGNORMAL"
        },
        {
            "arg1": "219331258.6",
            "arg2": "0",
            "elementid": "node_a00a4632-430d-4aac-800b-2400782d0edc",
            "id": "qbp_4bb5a8e8-1303-4d5e-8e79-8c78bae0e090",
            "mean": "5554.9",
            "name": "Approve Loan Offer",
            "resource": "qbp_706267dd-7e0c-4869-9566-4577b7497348",
            "type": "LOGNORMAL"
        },
        {
            "arg1": "276539357.6",
            "arg2": "0",
            "elementid": "node_2af8e9b9-4e1f-4cdf-be67-ef028ce34dee",
            "id": "qbp_ca978bc7-7a72-48d6-9313-0238d603ee2f",
            "mean": "6464.6",
            "name": "Approve and post home insurance quote",
            "resource": "qbp_ee48a675-f07b-4cd8-bdc2-467b08fd1f26",
            "type": "LOGNORMAL"
        },
        {
            "arg1": "157376218.1",
            "arg2": "0",
            "elementid": "node_1ae81c82-821f-47ab-934b-3f5af65d8f46",
            "id": "qbp_20dbf778-3208-476d-b154-6db22dc711a5",
            "mean": "4279.4",
            "name": "Approve and send\u00a0 acceptance pack",
            "resource": "qbp_ee48a675-f07b-4cd8-bdc2-467b08fd1f26",
            "type": "LOGNORMAL"
        },
        {
            "arg1": "2564005.0",
            "arg2": "0",
            "elementid": "node_81154bdb-5ae3-4889-b536-8fb3eac6b47d",
            "id": "qbp_4bd72547-d219-4d36-a977-59b44e2bfa81",
            "mean": "1699.9",
            "name": "Prepare home insurance quote",
            "resource": "qbp_7f4b38af-b4fd-43c7-8ef6-f04ff8963261",
            "type": "GAMMA"
        },
        {
            "arg1": "23493212898.3",
            "arg2": "0",
            "elementid": "node_8e3a2a25-0590-40fc-b756-ad2689566a61",
            "id": "qbp_e0846463-4084-4e26-875a-65c5c1c8c5a9",
            "mean": "66364.2",
            "name": "Assess loan risk",
            "resource": "qbp_ee48a675-f07b-4cd8-bdc2-467b08fd1f26",
            "type": "LOGNORMAL"
        },
        {
            "arg1": "2837995380.5",
            "arg2": "0",
            "elementid": "node_52b3a7e8-3c7f-49cb-bb0a-03760abed38b",
            "id": "qbp_c0b97975-7674-4db5-9656-2a9b0b1178bf",
            "mean": "15461.9",
            "name": "Appraise property",
            "resource": "qbp_0ce36312-658e-4c4f-8759-ba1639239b3e",
            "type": "LOGNORMAL"
        },
        {
            "arg1": "1743.8",
            "arg2": "0",
            "elementid": "node_541fc73b-8dc3-4eac-a1fd-7b9cb4c120dc",
            "id": "qbp_cb38966e-7d0f-48c3-8957-9da89392d212",
            "mean": "0",
            "name": "Prepare acceptance pack",
            "resource": "qbp_7f4b38af-b4fd-43c7-8ef6-f04ff8963261",
            "type": "EXPONENTIAL"
        },
        {
            "arg1": "1527959413.0",
            "arg2": "0",
            "elementid": "node_14095244-a0d7-40b9-814e-5ce8d6e6beb3",
            "id": "qbp_0431ca48-7a05-4b31-a4df-2385e5dc317c",
            "mean": "6795.4",
            "name": "Check credit history",
            "resource": "qbp_7f4b38af-b4fd-43c7-8ef6-f04ff8963261",
            "type": "LOGNORMAL"
        },
        {
            "arg1": "33804136221.3",
            "arg2": "0",
            "elementid": "node_1e36aaa1-bbf2-4daa-9739-34160bc8d768",
            "id": "qbp_2c2198d9-bccd-48e8-bee0-496755f394b3",
            "mean": "91968.2",
            "name": "Cancel application",
            "resource": "qbp_7f4b38af-b4fd-43c7-8ef6-f04ff8963261",
            "type": "LOGNORMAL"
        },
        {
            "arg1": "2330603778.1",
            "arg2": "0",
            "elementid": "node_65c6816d-5343-47b0-bbce-804d64c7b169",
            "id": "qbp_51eced20-2b8f-47ea-898d-e2c484e6354e",
            "mean": "9984.6",
            "name": "Return application back to applicant",
            "resource": "qbp_7f4b38af-b4fd-43c7-8ef6-f04ff8963261",
            "type": "LOGNORMAL"
        },
        {
            "arg1": "28794567447.1",
            "arg2": "0",
            "elementid": "node_9841b775-d0dd-44e1-b00f-73b4fbae5c6b",
            "id": "qbp_49196dc5-a6bc-4d96-b82a-0b08af5c6d13",
            "mean": "76025.0",
            "name": "Approve application",
            "resource": "qbp_7f4b38af-b4fd-43c7-8ef6-f04ff8963261",
            "type": "LOGNORMAL"
        },
        {
            "arg1": "1331354247.5",
            "arg2": "0",
            "elementid": "node_dea7b009-399c-44cf-8ca3-4e235b2e8649",
            "id": "qbp_a094d337-db57-45ed-9f5e-0e0747799431",
            "mean": "11595.7",
            "name": "AML Check",
            "resource": "qbp_6e9592e0-d9eb-40fa-a175-b4b6c40c3e6a",
            "type": "LOGNORMAL"
        },
        {
            "arg1": "17778526990.4",
            "arg2": "0",
            "elementid": "node_31b0e42c-58f6-420a-a86a-fe87d61a1b7c",
            "id": "qbp_de9aad51-33fa-4d8e-beeb-2f9495b0b9b6",
            "mean": "49723.8",
            "name": "Check  application  form completeness",
            "resource": "qbp_7f4b38af-b4fd-43c7-8ef6-f04ff8963261",
            "type": "LOGNORMAL"
        },
        {
            "arg1": "380845432.0",
            "arg2": "0",
            "elementid": "node_1f55a159-fd5b-4fae-b921-682c86fd4afa",
            "id": "qbp_a81b74d9-2b11-48fa-9dcb-d606fd64d904",
            "mean": "8692.7",
            "name": "Design loan offer",
            "resource": "qbp_ee48a675-f07b-4cd8-bdc2-467b08fd1f26",
            "type": "LOGNORMAL"
        },
        {
            "arg1": "0",
            "arg2": "0",
            "elementid": "node_0d0eb876-bbc2-48ea-ba7f-f3c09a7dc885",
            "id": "qbp_b11a5f44-1292-4e25-87bb-7af5c20d1128",
            "mean": "0",
            "name": "End",
            "resource": "QBP_DEFAULT_RESOURCE",
            "type": "FIXED"
        },
        {
            "arg1": "0",
            "arg2": "0",
            "elementid": "node_a69b7cfc-37ac-48cd-b06a-1f433a044cd7",
            "id": "qbp_94ab63a1-c717-45ce-9d03-5b454ddfed92",
            "mean": "0",
            "name": "Start",
            "resource": "QBP_DEFAULT_RESOURCE",
            "type": "FIXED"
        }
    ],
    "instances": "200",
    "resource_pool": [
        {
            "@costPerHour": "20",
            "@id": "QBP_DEFAULT_RESOURCE",
            "@name": "SYSTEM",
            "@timetableId": "QBP_ARR_DEFAULT_TIMETABLE",
            "@totalAmount": "20"
        },
        {
            "@costPerHour": "20",
            "@id": "qbp_7f4b38af-b4fd-43c7-8ef6-f04ff8963261",
            "@name": "Role 1",
            "@timetableId": "QBP_RES_DEFAULT_TIMETABLE",
            "@totalAmount": "15"
        },
        {
            "@costPerHour": "20",
            "@id": "qbp_ee48a675-f07b-4cd8-bdc2-467b08fd1f26",
            "@name": "Role 2",
            "@timetableId": "QBP_RES_DEFAULT_TIMETABLE",
            "@totalAmount": "10"
        },
        {
            "@costPerHour": "20",
            "@id": "qbp_0ce36312-658e-4c4f-8759-ba1639239b3e",
            "@name": "Role 3",
            "@timetableId": "QBP_RES_DEFAULT_TIMETABLE",
            "@totalAmount": "3"
        },
        {
            "@costPerHour": "20",
            "@id": "qbp_6e9592e0-d9eb-40fa-a175-b4b6c40c3e6a",
            "@name": "Role 4",
            "@timetableId": "QBP_RES_DEFAULT_TIMETABLE",
            "@totalAmount": "3"
        },
        {
            "@costPerHour": "20",
            "@id": "qbp_706267dd-7e0c-4869-9566-4577b7497348",
            "@name": "Role 5",
            "@timetableId": "QBP_RES_DEFAULT_TIMETABLE",
            "@totalAmount": "3"
        }
    ],
    "rol_user": {
        "Role 1": [
            "Clerk-000001",
            "Clerk-000002",
            "Clerk-000003",
            "Clerk-000004",
            "Clerk-000005",
            "Clerk-000006",
            "Clerk-000007",
            "Clerk-000008",
            "Clerk-000009",
            "Clerk-000010",
            "Clerk-000011",
            "Clerk-000012",
            "Clerk-000013",
            "Clerk-000014",
            "Clerk-000015"
        ],
        "Role 2": [
            "Loan Officer-000001",
            "Loan Officer-000002",
            "Loan Officer-000003",
            "Loan Officer-000004",
            "Loan Officer-000005",
            "Loan Officer-000006",
            "Loan Officer-000007",
            "Loan Officer-000008",
            "Loan Officer-000009",
            "Loan Officer-000010"
        ],
        "Role 3": [
            "Appraiser-000003",
            "Appraiser-000002",
            "Appraiser-000001"
        ],
        "Role 4": [
            "AML Investigator-000002",
            "AML Investigator-000001",
            "AML Investigator-000003"
        ],
        "Role 5": [
            "Senior Officer-000002",
            "Senior Officer-000003",
            "Senior Officer-000001"
        ]
    },
    "sequences": [
        {
            "elementid": "node_c93f5e28-7038-48ff-98e2-77466693f205",
            "gatewayid": "node_99a51c15-d002-4e67-b8b0-734cfcb75dc1",
            "out_path_id": "node_14095244-a0d7-40b9-814e-5ce8d6e6beb3",
            "prob": "0.8256880733944955"
        },
        {
            "elementid": "node_914695da-1747-434f-bb59-9c7b3a0c6d4f",
            "gatewayid": "node_99a51c15-d002-4e67-b8b0-734cfcb75dc1",
            "out_path_id": "node_65c6816d-5343-47b0-bbce-804d64c7b169",
            "prob": "0.1743119266055046"
        },
        {
            "elementid": "node_a299d61b-0090-48d8-863e-7cba760c8461",
            "gatewayid": "node_35b1c6d1-074d-404a-917e-ed6055d61e9b",
            "out_path_id": "node_9841b775-d0dd-44e1-b00f-73b4fbae5c6b",
            "prob": "0.467680608365019"
        },
        {
            "elementid": "node_fa17d99d-6aa0-46a9-8337-4252c82adde5",
            "gatewayid": "node_35b1c6d1-074d-404a-917e-ed6055d61e9b",
            "out_path_id": "node_47fa8f02-632d-42b9-9bc4-681251f4c9c5",
            "prob": "0.532319391634981"
        },
        {
            "elementid": "node_4ffdef28-8e45-412e-ab6c-ebb92db13681",
            "gatewayid": "node_a5dcd19a-9452-480f-a26a-03b586b81dd5",
            "out_path_id": "node_1e36aaa1-bbf2-4daa-9739-34160bc8d768",
            "prob": "0.99"
        },
        {
            "elementid": "node_7294c3f5-a1e2-4cec-a7e6-2cdd0fa8eb91",
            "gatewayid": "node_a5dcd19a-9452-480f-a26a-03b586b81dd5",
            "out_path_id": "node_25a35bc6-5a43-4715-bf42-7005fb7f0405",
            "prob": "0.01"
        },
        {
            "elementid": "node_eeb17f92-21aa-497b-9746-5eb8d4f16506",
            "gatewayid": "node_1b7444b3-9d06-420c-b224-495b8d1aebcd",
            "out_path_id": "node_b0e161c9-4335-4680-8c51-755f8bee71df",
            "prob": "0.99"
        },
        {
            "elementid": "node_70a708b7-cf05-46f8-a872-fef278da40c2",
            "gatewayid": "node_1b7444b3-9d06-420c-b224-495b8d1aebcd",
            "out_path_id": "node_b41991c4-7987-4f76-a853-414b2b4d9923",
            "prob": "0.01"
        },
        {
            "elementid": "node_34785d64-af01-4e92-9345-a24bfe092a92",
            "gatewayid": "node_e061e283-b506-4a94-b014-c4843f0efa93",
            "out_path_id": "node_59fad4ed-c521-4dc8-98bd-e1157d57ab85",
            "prob": "0.49906191369606"
        },
        {
            "elementid": "node_a7125f4b-97af-4d7d-a3fb-0294f6599713",
            "gatewayid": "node_e061e283-b506-4a94-b014-c4843f0efa93",
            "out_path_id": "node_1f55a159-fd5b-4fae-b921-682c86fd4afa",
            "prob": "0.50093808630394"
        },
        {
            "elementid": "node_9c9e4d09-ca90-400b-8219-5cb19a27f1e3",
            "gatewayid": "node_7ede908e-eb43-4af7-a18f-180e4afd2edc",
            "out_path_id": "node_b0e161c9-4335-4680-8c51-755f8bee71df",
            "prob": "0.01"
        },
        {
            "elementid": "node_bf7b9342-6215-45e5-84d5-040134845ed9",
            "gatewayid": "node_7ede908e-eb43-4af7-a18f-180e4afd2edc",
            "out_path_id": "node_25a35bc6-5a43-4715-bf42-7005fb7f0405",
            "prob": "0.99"
        },
        {
            "elementid": "node_9899510c-8cc7-49a2-a0b9-a895c6a32db3",
            "gatewayid": "node_b7d3da15-31ee-4927-88e9-c8bbd262705f",
            "out_path_id": "node_47fa8f02-632d-42b9-9bc4-681251f4c9c5",
            "prob": "0.30113636363636365"
        },
        {
            "elementid": "node_7d7bed18-d457-4c0a-9340-5f2630dfea10",
            "gatewayid": "node_b7d3da15-31ee-4927-88e9-c8bbd262705f",
            "out_path_id": "node_b41991c4-7987-4f76-a853-414b2b4d9923",
            "prob": "0.6988636363636364"
        }
    ],
    "start_time": "2015-05-18T15:23:46.819999+00:00",
    "time_table": [
        {
            "@default": "true",
            "@id": "QBP_ARR_DEFAULT_TIMETABLE",
            "@name": "Default",
            "qbp:rules": {
                "qbp:rule": {
                    "@fromTime": "09:00:00.000+00:00",
                    "@fromWeekDay": "MONDAY",
                    "@toTime": "17:00:00.000+00:00",
                    "@toWeekDay": "FRIDAY"
                }
            }
        },
        {
            "@default": "false",
            "@id": "QBP_RES_DEFAULT_TIMETABLE",
            "@name": "Default",
            "qbp:rules": {
                "qbp:rule": {
                    "@fromTime": "09:00:00.000+00:00",
                    "@fromWeekDay": "MONDAY",
                    "@toTime": "17:00:00.000+00:00",
                    "@toWeekDay": "FRIDAY"
                }
            }
        }
    ]
}