{
    "arrival_rate": {
        "dname": "EXPONENTIAL",
        "dparams": {
            "arg1": "2033.2",
            "arg2": "0",
            "mean": "0"
        }
    },
    "discovery_parameters": {
        "and_prior": "false",
        "arr_confidence": "2.4423196558284173",
        "arr_support": "0.06992921663220109",
        "epsilon": "0.7770165750183874",
        "eta": "0.27642917929267286",
        "gate_management": "discovery",
        "or_rep": "true",
        "res_dtype": "DataType.LV917"
    },
    "elements_data": [
        {
            "arg1": "203366577.0",
            "arg2": "0",
            "elementid": "node_77687c26-48e2-4069-acb5-671b356cc8b3",
            "id": "qbp_6bb386f0-79ff-4aad-bb58-4593271c41b7",
            "mean": "5279.3",
            "name": "Approve application",
            "resource": "qbp_d19e7f46-c9db-4a59-9437-09b398f19694",
            "type": "LOGNORMAL"
        },
        {
            "arg1": "190128173.2",
            "arg2": "0",
            "elementid": "node_ea007f58-6459-4f9b-8950-d0f54568e9d8",
            "id": "qbp_ae753750-79e9-47bf-8f3f-3449cae13cc7",
            "mean": "5100.8",
            "name": "Approve and post home insurance quote",
            "resource": "qbp_65ba8e6b-fc24-468e-91b1-8b51fce72aaa",
            "type": "LOGNORMAL"
        },
        {
            "arg1": "121304197.4",
            "arg2": "0",
            "elementid": "node_741772e2-1fd6-4b77-8e80-87b54e957b37",
            "id": "qbp_c5eda8fb-c4e1-4dc3-b49b-46275c11d427",
            "mean": "3435.7",
            "name": "Reject application",
            "resource": "qbp_b0fe6216-d21f-4a53-aa0b-f6161d4d094a",
            "type": "LOGNORMAL"
        },
        {
            "arg1": "161558931.2",
            "arg2": "0",
            "elementid": "node_e44876b0-5132-420c-8cf2-ea4b033e8eb9",
            "id": "qbp_530cc1a4-73f0-47f1-a0f1-8b77fd4f0e27",
            "mean": "4592.3",
            "name": "Prepare home insurance quote",
            "resource": "qbp_d19e7f46-c9db-4a59-9437-09b398f19694",
            "type": "LOGNORMAL"
        },
        {
            "arg1": "82263762.8",
            "arg2": "0",
            "elementid": "node_2642130f-f15c-470a-85e8-34a1a70cab51",
            "id": "qbp_9800e338-6931-435a-aea4-49053eefc10b",
            "mean": "3036.9",
            "name": "Cancel application",
            "resource": "qbp_d19e7f46-c9db-4a59-9437-09b398f19694",
            "type": "LOGNORMAL"
        },
        {
            "arg1": "195073655.5",
            "arg2": "0",
            "elementid": "node_e3538584-5f59-47b1-96d0-8eba583d5bab",
            "id": "qbp_471a1991-b8b4-4155-b7d3-be11f4c7def4",
            "mean": "4967.8",
            "name": "Prepare acceptance pack",
            "resource": "qbp_d19e7f46-c9db-4a59-9437-09b398f19694",
            "type": "LOGNORMAL"
        },
        {
            "arg1": "205524928.1",
            "arg2": "0",
            "elementid": "node_1b72f79d-4b90-4858-a002-dea01dbf6f20",
            "id": "qbp_84d10c27-9ed0-4091-9521-c987e3d6faa7",
            "mean": "5405.2",
            "name": "Appraise property",
            "resource": "qbp_810a5a24-b956-42a3-b89e-b8a51b6a702f",
            "type": "LOGNORMAL"
        },
        {
            "arg1": "222237636.2",
            "arg2": "0",
            "elementid": "node_04719b3b-0004-413c-8d99-ee1e759287d7",
            "id": "qbp_023a8b6e-e8df-41ca-a3bc-20cab02342df",
            "mean": "5756.2",
            "name": "Assess loan risk",
            "resource": "qbp_65ba8e6b-fc24-468e-91b1-8b51fce72aaa",
            "type": "LOGNORMAL"
        },
        {
            "arg1": "207826019.5",
            "arg2": "0",
            "elementid": "node_4225e085-ab56-45d4-b4c2-607f7d634ac4",
            "id": "qbp_6425f793-bb6d-44f5-bf02-7ff0d3bdf853",
            "mean": "5434.5",
            "name": "AML Check",
            "resource": "qbp_ca9b8952-6f88-4f79-9f77-e98b52d7e9af",
            "type": "LOGNORMAL"
        },
        {
            "arg1": "228610411.1",
            "arg2": "0",
            "elementid": "node_bf45e3d5-88eb-414e-b5eb-aafb38b9b44b",
            "id": "qbp_9a7ff1ef-1c68-49bb-941c-2e5cdd26697b",
            "mean": "5662.1",
            "name": "Approve Loan Offer",
            "resource": "qbp_b0fe6216-d21f-4a53-aa0b-f6161d4d094a",
            "type": "LOGNORMAL"
        },
        {
            "arg1": "139372843.0",
            "arg2": "0",
            "elementid": "node_ec94097b-5ac3-4cee-bd1e-891538a68da8",
            "id": "qbp_991e850e-a218-4782-9f0a-7bd773a3f90e",
            "mean": "4468.7",
            "name": "Return application back to applicant",
            "resource": "qbp_d19e7f46-c9db-4a59-9437-09b398f19694",
            "type": "LOGNORMAL"
        },
        {
            "arg1": "124973633.9",
            "arg2": "0",
            "elementid": "node_28ded105-524c-4a47-ad75-e6f54456a39d",
            "id": "qbp_56af1ec6-62bb-419f-9337-ea52a2225ccf",
            "mean": "3785.7",
            "name": "Approve and send\u00a0 acceptance pack",
            "resource": "qbp_65ba8e6b-fc24-468e-91b1-8b51fce72aaa",
            "type": "LOGNORMAL"
        },
        {
            "arg1": "355354309.1",
            "arg2": "0",
            "elementid": "node_7c68f642-9cbb-4af0-b7dc-67a75a321162",
            "id": "qbp_bd878090-3efd-4d3c-9a1f-f66e7ab22c5f",
            "mean": "5870.4",
            "name": "Check  application  form completeness",
            "resource": "qbp_d19e7f46-c9db-4a59-9437-09b398f19694",
            "type": "LOGNORMAL"
        },
        {
            "arg1": "200071488.0",
            "arg2": "0",
            "elementid": "node_a07b2b9c-e570-4597-add0-ab93a5719341",
            "id": "qbp_6c46dad4-95b3-4c64-912a-762fdebea9a0",
            "mean": "5177.5",
            "name": "Design loan offer",
            "resource": "qbp_65ba8e6b-fc24-468e-91b1-8b51fce72aaa",
            "type": "LOGNORMAL"
        },
        {
            "arg1": "163732919.7",
            "arg2": "0",
            "elementid": "node_8e6e72f6-dffd-46e6-9137-181083f2646f",
            "id": "qbp_e75c0b6a-f58b-41f8-8278-65c69b56fcef",
            "mean": "4542.0",
            "name": "Check credit history",
            "resource": "qbp_d19e7f46-c9db-4a59-9437-09b398f19694",
            "type": "LOGNORMAL"
        },
        {
            "arg1": "0",
            "arg2": "0",
            "elementid": "node_44348008-aa7a-4841-8e5a-f0f39af2d484",
            "id": "qbp_710e74b0-322c-4c8f-a0c3-2484fba381ae",
            "mean": "0",
            "name": "End",
            "resource": "QBP_DEFAULT_RESOURCE",
            "type": "FIXED"
        },
        {
            "arg1": "0",
            "arg2": "0",
            "elementid": "node_2a582e43-ec6e-49ac-8551-900a3cbd82f5",
            "id": "qbp_c6f9654f-26dd-4314-9885-13fc3ec1dd54",
            "mean": "0",
            "name": "Start",
            "resource": "QBP_DEFAULT_RESOURCE",
            "type": "FIXED"
        }
    ],
    "instances": "194",
    "resource_pool": [
        {
            "@costPerHour": "20",
            "@id": "QBP_DEFAULT_RESOURCE",
            "@name": "SYSTEM",
            "@timetableId": "Discovered_CASES_ARRIVAL_CALENDAR",
            "@totalAmount": "20"
        },
        {
            "@costPerHour": "20",
            "@id": "qbp_d19e7f46-c9db-4a59-9437-09b398f19694",
            "@name": "Role 1",
            "@timetableId": "QBP_RES_DEFAULT_TIMETABLE",
            "@totalAmount": "8"
        },
        {
            "@costPerHour": "20",
            "@id": "qbp_65ba8e6b-fc24-468e-91b1-8b51fce72aaa",
            "@name": "Role 2",
            "@timetableId": "QBP_RES_DEFAULT_TIMETABLE",
            "@totalAmount": "5"
        },
        {
            "@costPerHour": "20",
            "@id": "qbp_ca9b8952-6f88-4f79-9f77-e98b52d7e9af",
            "@name": "Role 3",
            "@timetableId": "QBP_RES_DEFAULT_TIMETABLE",
            "@totalAmount": "2"
        },
        {
            "@costPerHour": "20",
            "@id": "qbp_810a5a24-b956-42a3-b89e-b8a51b6a702f",
            "@name": "Role 4",
            "@timetableId": "QBP_RES_DEFAULT_TIMETABLE",
            "@totalAmount": "2"
        },
        {
            "@costPerHour": "20",
            "@id": "qbp_b0fe6216-d21f-4a53-aa0b-f6161d4d094a",
            "@name": "Role 5",
            "@timetableId": "QBP_RES_DEFAULT_TIMETABLE",
            "@totalAmount": "2"
        }
    ],
    "rol_user": {
        "Role 1": [
            "Clerk-000007",
            "Clerk-000008",
            "Clerk-000001",
            "Clerk-000005",
            "Clerk-000004",
            "Clerk-000003",
            "Clerk-000002",
            "Clerk-000006"
        ],
        "Role 2": [
            "Loan Officer-000003",
            "Loan Officer-000004",
            "Loan Officer-000005",
            "Loan Officer-000002",
            "Loan Officer-000001"
        ],
        "Role 3": [
            "AML Investigator-000001",
            "AML Investigator-000002"
        ],
        "Role 4": [
            "Appraiser-000002",
            "Appraiser-000001"
        ],
        "Role 5": [
            "Senior Officer-000001",
            "Senior Officer-000002"
        ]
    },
    "sequences": [
        {
            "elementid": "node_a2e1afbc-408e-49a4-ab34-110f74810dbd",
            "gatewayid": "node_09e11cf7-dd6a-4220-b684-7e8c9c26468e",
            "out_path_id": "node_a07b2b9c-e570-4597-add0-ab93a5719341",
            "prob": "0.6056338028169014"
        },
        {
            "elementid": "node_d4c2b290-d531-4e37-ad9e-5c60daf796fd",
            "gatewayid": "node_09e11cf7-dd6a-4220-b684-7e8c9c26468e",
            "out_path_id": "node_741772e2-1fd6-4b77-8e80-87b54e957b37",
            "prob": "0.39436619718309857"
        },
        {
            "elementid": "node_48687fe8-ab77-451e-89c4-517392802f25",
            "gatewayid": "node_a1f6ce78-de2b-41fb-96a9-550bf1e6c240",
            "out_path_id": "node_2642130f-f15c-470a-85e8-34a1a70cab51",
            "prob": "0.463768115942029"
        },
        {
            "elementid": "node_7da2d003-af6e-41d8-a5ed-d6b72f90d2df",
            "gatewayid": "node_a1f6ce78-de2b-41fb-96a9-550bf1e6c240",
            "out_path_id": "node_77687c26-48e2-4069-acb5-671b356cc8b3",
            "prob": "0.5362318840579711"
        },
        {
            "elementid": "node_d556f2ec-fa18-4d03-b88d-0aa55a2f3f7c",
            "gatewayid": "node_cb18001e-7f61-4a95-9ef0-00407952e52b",
            "out_path_id": "node_ec94097b-5ac3-4cee-bd1e-891538a68da8",
            "prob": "0.21875"
        },
        {
            "elementid": "node_59977061-0cb3-4b57-b9e9-2df664773243",
            "gatewayid": "node_cb18001e-7f61-4a95-9ef0-00407952e52b",
            "out_path_id": "node_ba48d34e-e60d-439f-9e85-0719b7281bbd",
            "prob": "0.78125"
        }
    ],
    "start_time": "2015-05-19T13:13:46.433999+00:00",
    "time_table": [
        {
            "@default": "true",
            "@id": "Discovered_CASES_ARRIVAL_CALENDAR",
            "@name": "Discovered_CASES_ARRIVAL_CALENDAR",
            "qbp:rules": {
                "qbp:rule": [
                    {
                        "@fromTime": "11:00:00.000000+00:00",
                        "@fromWeekDay": "TUESDAY",
                        "@toTime": "19:59:00.000000+00:00",
                        "@toWeekDay": "TUESDAY"
                    },
                    {
                        "@fromTime": "11:00:00.000000+00:00",
                        "@fromWeekDay": "WEDNESDAY",
                        "@toTime": "19:59:00.000000+00:00",
                        "@toWeekDay": "WEDNESDAY"
                    },
                    {
                        "@fromTime": "11:00:00.000000+00:00",
                        "@fromWeekDay": "THURSDAY",
                        "@toTime": "19:59:00.000000+00:00",
                        "@toWeekDay": "THURSDAY"
                    },
                    {
                        "@fromTime": "11:00:00.000000+00:00",
                        "@fromWeekDay": "FRIDAY",
                        "@toTime": "19:59:00.000000+00:00",
                        "@toWeekDay": "FRIDAY"
                    },
                    {
                        "@fromTime": "11:00:00.000000+00:00",
                        "@fromWeekDay": "SATURDAY",
                        "@toTime": "19:59:00.000000+00:00",
                        "@toWeekDay": "SATURDAY"
                    }
                ]
            }
        },
        {
            "@default": "false",
            "@id": "QBP_RES_DEFAULT_TIMETABLE",
            "@name": "Default",
            "qbp:rules": {
                "qbp:rule": {
                    "@fromTime": "09:00:00.000+00:00",
                    "@fromWeekDay": "MONDAY",
                    "@toTime": "17:00:00.000+00:00",
                    "@toWeekDay": "FRIDAY"
                }
            }
        }
    ]
}