{
    "arrival_rate": {
        "dname": "EXPONENTIAL",
        "dparams": {
            "arg1": "17419.6",
            "arg2": "0",
            "mean": "0"
        }
    },
    "discovery_parameters": {
        "and_prior": "false",
        "arr_confidence": "4.130325235084676",
        "arr_support": "0.03569079485608936",
        "epsilon": "0.710511263510949",
        "eta": "0.8094406084526811",
        "gate_management": "discovery",
        "or_rep": "false",
        "res_confidence": "56.427362510199956",
        "res_support": "0.03585166191587456"
    },
    "elements_data": [
        {
            "arg1": "4050.0",
            "arg2": "0",
            "elementid": "node_cfc4de72-bb33-4ae6-a881-5dee7244e25e",
            "id": "qbp_743cbef5-39c0-4f20-8b42-4fa9f91bfbc7",
            "mean": "0",
            "name": "Round  Q.C.",
            "resource": "qbp_c92b7235-8765-42d2-aff5-bd18285c6b13",
            "type": "EXPONENTIAL"
        },
        {
            "arg1": "0",
            "arg2": "0",
            "elementid": "node_e948f2b7-7ad9-4994-be72-f75ff1dc441c",
            "id": "qbp_5ea1fee2-f3f9-4023-9331-ff26dec1afc8",
            "mean": "4500",
            "name": "Milling Q.C.",
            "resource": "qbp_c92b7235-8765-42d2-aff5-bd18285c6b13",
            "type": "FIXED"
        },
        {
            "arg1": "29505.0",
            "arg2": "0",
            "elementid": "node_e9d1718e-d4e5-4a50-884a-ba0444e2dbcd",
            "id": "qbp_f7be8f9a-7d12-4505-b709-345df3059309",
            "mean": "0",
            "name": "Change Version",
            "resource": "qbp_ea59d561-1ae8-4af9-8cb3-35118db7a3f9",
            "type": "EXPONENTIAL"
        },
        {
            "arg1": "6447.6",
            "arg2": "0",
            "elementid": "node_70d55f77-13ae-4eb2-8ca5-316cba12a76f",
            "id": "qbp_c404664d-1978-4677-8097-fd0d2af9bfe8",
            "mean": "0",
            "name": "Flat Grinding",
            "resource": "qbp_df61f67a-ef55-4d0b-8242-c78868376e81",
            "type": "EXPONENTIAL"
        },
        {
            "arg1": "7533.3",
            "arg2": "0",
            "elementid": "node_5aaa8673-0181-4a28-9e72-51a66a8fa6d6",
            "id": "qbp_bab1033b-4903-4312-99d5-73e8eced9759",
            "mean": "0",
            "name": "Final Inspection Q.C.",
            "resource": "qbp_c92b7235-8765-42d2-aff5-bd18285c6b13",
            "type": "EXPONENTIAL"
        },
        {
            "arg1": "4620.0",
            "arg2": "0",
            "elementid": "node_573b854c-dc0c-434e-b51f-00d6a2bea0c3",
            "id": "qbp_d7c14cef-8d39-45de-bf2a-459e93bf9bba",
            "mean": "0",
            "name": "Fix",
            "resource": "qbp_de78db25-9de8-4072-9b63-587da15c5a1d",
            "type": "EXPONENTIAL"
        },
        {
            "arg1": "7779.0",
            "arg2": "0",
            "elementid": "node_b0517e30-6da3-4a74-b0c5-3b678f3fa001",
            "id": "qbp_f9580e2f-8b65-47f6-8fc2-f38d621391da",
            "mean": "0",
            "name": "Grinding Rework",
            "resource": "qbp_de78db25-9de8-4072-9b63-587da15c5a1d",
            "type": "EXPONENTIAL"
        },
        {
            "arg1": "5658.0",
            "arg2": "0",
            "elementid": "node_86f2b93c-4f22-4f9e-a8cb-eb8d1cff796e",
            "id": "qbp_88403e6e-e78c-487e-9ce3-5ec2e1b733e7",
            "mean": "0",
            "name": "Turning & Milling Q.C.",
            "resource": "qbp_c92b7235-8765-42d2-aff5-bd18285c6b13",
            "type": "EXPONENTIAL"
        },
        {
            "arg1": "1575.0",
            "arg2": "0",
            "elementid": "node_f776530b-a066-410f-903d-b7bfbad21c3c",
            "id": "qbp_f1c74435-7772-4bb0-9274-0b8a7e0fde81",
            "mean": "0",
            "name": "Nitration Q.C.",
            "resource": "qbp_c92b7235-8765-42d2-aff5-bd18285c6b13",
            "type": "EXPONENTIAL"
        },
        {
            "arg1": "19170.9",
            "arg2": "0",
            "elementid": "node_82495b20-c73f-4023-b656-ecb122aa2398",
            "id": "qbp_f7c8ca35-dc9e-42f0-9546-2c7512587fb9",
            "mean": "0",
            "name": "Turn & Mill. & Screw Assem",
            "resource": "qbp_55811c14-8baa-4403-aeec-e549441b0d7c",
            "type": "EXPONENTIAL"
        },
        {
            "arg1": "6510574.7",
            "arg2": "0",
            "elementid": "node_44da9cc0-c280-4213-87e6-65db676fbe8b",
            "id": "qbp_e3482139-94a8-4b55-826f-4d7104e76d83",
            "mean": "3222.1",
            "name": "Laser Marking",
            "resource": "qbp_df61f67a-ef55-4d0b-8242-c78868376e81",
            "type": "GAMMA"
        },
        {
            "arg1": "5798.7",
            "arg2": "0",
            "elementid": "node_81ee3f96-9d3f-4576-a098-23c5a396c69b",
            "id": "qbp_8e70cde5-56a6-4282-b1f8-a81c3d28d7da",
            "mean": "0",
            "name": "Turning Q.C.",
            "resource": "qbp_c92b7235-8765-42d2-aff5-bd18285c6b13",
            "type": "EXPONENTIAL"
        },
        {
            "arg1": "19406.9",
            "arg2": "0",
            "elementid": "node_4916c84e-476e-46ed-a87e-5f19298aab2b",
            "id": "qbp_88525889-8961-495e-b31e-80d30fc19c6b",
            "mean": "0",
            "name": "Milling",
            "resource": "qbp_9bfd47be-29b4-40ab-bbae-a521cdb9c6b3",
            "type": "EXPONENTIAL"
        },
        {
            "arg1": "0",
            "arg2": "0",
            "elementid": "node_9be9d2a4-d114-42d0-9294-48af4e2e308d",
            "id": "qbp_62174e69-a9cf-4ed7-984e-68048f94b7b6",
            "mean": "3600",
            "name": "Packing",
            "resource": "qbp_1b965d1c-db73-4d64-8137-41fb12325dfc",
            "type": "FIXED"
        },
        {
            "arg1": "7200.0",
            "arg2": "0",
            "elementid": "node_c5017f53-bac4-4bb9-b562-87bd3e9edee4",
            "id": "qbp_871232d7-5946-4bc4-9ada-f85282c43f9d",
            "mean": "0",
            "name": "Stress Relief",
            "resource": "qbp_30ae95b4-3745-4f10-aaa1-292c184c10ac",
            "type": "EXPONENTIAL"
        },
        {
            "arg1": "6040.0",
            "arg2": "0",
            "elementid": "node_f1054000-8c75-4d9a-9d96-349e75012bf6",
            "id": "qbp_6330443e-9357-45f3-8628-2ffd1726c891",
            "mean": "0",
            "name": "Lapping",
            "resource": "qbp_df61f67a-ef55-4d0b-8242-c78868376e81",
            "type": "EXPONENTIAL"
        },
        {
            "arg1": "6300.0",
            "arg2": "0",
            "elementid": "node_363486c2-27f3-4bb6-8fb4-ad51befcd743",
            "id": "qbp_d6e5c841-5639-482f-b7ab-6e1d0994fdc5",
            "mean": "0",
            "name": "Rework Milling",
            "resource": "qbp_06a20bb8-c347-418a-a8f3-71c1460a1273",
            "type": "EXPONENTIAL"
        },
        {
            "arg1": "94923800.9",
            "arg2": "0",
            "elementid": "node_d8a8cb98-3251-4930-bff2-1775a68fc32d",
            "id": "qbp_79801134-90c5-4c58-9018-c643e9b8dd41",
            "mean": "12458.7",
            "name": "Round Grinding",
            "resource": "qbp_de78db25-9de8-4072-9b63-587da15c5a1d",
            "type": "GAMMA"
        },
        {
            "arg1": "13767.0",
            "arg2": "0",
            "elementid": "node_470534f3-8c80-4dcc-874f-303218836d06",
            "id": "qbp_b4e18534-9852-4dad-aa03-6bfb7821e24d",
            "mean": "0",
            "name": "Turning",
            "resource": "qbp_55811c14-8baa-4403-aeec-e549441b0d7c",
            "type": "EXPONENTIAL"
        },
        {
            "arg1": "152880443.1",
            "arg2": "0",
            "elementid": "node_f611afad-86f4-4b91-bfbb-5fcec59aa5c3",
            "id": "qbp_80bf8a07-500f-4c0f-87ef-c787703cdbad",
            "mean": "18269.7",
            "name": "Turning & Milling",
            "resource": "qbp_55811c14-8baa-4403-aeec-e549441b0d7c",
            "type": "GAMMA"
        },
        {
            "arg1": "0",
            "arg2": "0",
            "elementid": "node_0b955c98-6d6c-4f7d-9860-da5605ad1765",
            "id": "qbp_82a74d5c-b9dc-4faa-96b9-7a13ea957438",
            "mean": "3600",
            "name": "Turning Rework",
            "resource": "qbp_239f23ed-8361-4f4b-94ab-27b47f5b83ec",
            "type": "FIXED"
        },
        {
            "arg1": "0",
            "arg2": "0",
            "elementid": "node_78799b7a-c0a3-4f22-8576-400aafd0de52",
            "id": "qbp_a2fb8fa9-c494-4793-916f-675b94e765a0",
            "mean": "0",
            "name": "End",
            "resource": "QBP_DEFAULT_RESOURCE",
            "type": "FIXED"
        },
        {
            "arg1": "0",
            "arg2": "0",
            "elementid": "node_16cd0d00-ad0f-4f80-b6a6-ba15dc978342",
            "id": "qbp_af4e8765-93c8-472d-add8-fbbbd6f9cd12",
            "mean": "0",
            "name": "Start",
            "resource": "QBP_DEFAULT_RESOURCE",
            "type": "FIXED"
        }
    ],
    "instances": "45",
    "resource_pool": [
        {
            "@costPerHour": "20",
            "@id": "QBP_DEFAULT_RESOURCE",
            "@name": "SYSTEM",
            "@timetableId": "Discovered_CASES_ARRIVAL_CALENDAR",
            "@totalAmount": "20"
        },
        {
            "@costPerHour": "20",
            "@id": "qbp_55811c14-8baa-4403-aeec-e549441b0d7c",
            "@name": "Role 1",
            "@timetableId": "Discovered_DEFAULT_CALENDAR",
            "@totalAmount": "13"
        },
        {
            "@costPerHour": "20",
            "@id": "qbp_06a20bb8-c347-418a-a8f3-71c1460a1273",
            "@name": "Role 10",
            "@timetableId": "Discovered_DEFAULT_CALENDAR",
            "@totalAmount": "1"
        },
        {
            "@costPerHour": "20",
            "@id": "qbp_30ae95b4-3745-4f10-aaa1-292c184c10ac",
            "@name": "Role 11",
            "@timetableId": "Discovered_DEFAULT_CALENDAR",
            "@totalAmount": "1"
        },
        {
            "@costPerHour": "20",
            "@id": "qbp_de78db25-9de8-4072-9b63-587da15c5a1d",
            "@name": "Role 2",
            "@timetableId": "Discovered_DEFAULT_CALENDAR",
            "@totalAmount": "10"
        },
        {
            "@costPerHour": "20",
            "@id": "qbp_c92b7235-8765-42d2-aff5-bd18285c6b13",
            "@name": "Role 3",
            "@timetableId": "Discovered_DEFAULT_CALENDAR",
            "@totalAmount": "4"
        },
        {
            "@costPerHour": "20",
            "@id": "qbp_9bfd47be-29b4-40ab-bbae-a521cdb9c6b3",
            "@name": "Role 4",
            "@timetableId": "Discovered_DEFAULT_CALENDAR",
            "@totalAmount": "4"
        },
        {
            "@costPerHour": "20",
            "@id": "qbp_1b965d1c-db73-4d64-8137-41fb12325dfc",
            "@name": "Role 5",
            "@timetableId": "Discovered_DEFAULT_CALENDAR",
            "@totalAmount": "3"
        },
        {
            "@costPerHour": "20",
            "@id": "qbp_df61f67a-ef55-4d0b-8242-c78868376e81",
            "@name": "Role 6",
            "@timetableId": "Discovered_DEFAULT_CALENDAR",
            "@totalAmount": "2"
        },
        {
            "@costPerHour": "20",
            "@id": "qbp_ea59d561-1ae8-4af9-8cb3-35118db7a3f9",
            "@name": "Role 7",
            "@timetableId": "Discovered_DEFAULT_CALENDAR",
            "@totalAmount": "2"
        },
        {
            "@costPerHour": "20",
            "@id": "qbp_a6dad123-b15d-4780-8eef-208d41921232",
            "@name": "Role 8",
            "@timetableId": "Discovered_DEFAULT_CALENDAR",
            "@totalAmount": "1"
        },
        {
            "@costPerHour": "20",
            "@id": "qbp_239f23ed-8361-4f4b-94ab-27b47f5b83ec",
            "@name": "Role 9",
            "@timetableId": "Discovered_DEFAULT_CALENDAR",
            "@totalAmount": "1"
        }
    ],
    "rol_user": {
        "Role 1": [
            "ID4794",
            "ID0997",
            "ID4783",
            "ID4529",
            "ID4641",
            "ID4219",
            "ID3846",
            "ID4142",
            "ID4429",
            "ID4167",
            "ID4932",
            "ID4132",
            "ID4718"
        ],
        "Role 10": [
            "ID3641"
        ],
        "Role 11": [
            "ID3998"
        ],
        "Role 2": [
            "ID3854",
            "ID4160",
            "ID4528",
            "ID4872",
            "ID4445",
            "ID4355",
            "ID0937",
            "ID4385",
            "ID0420",
            "ID4109"
        ],
        "Role 3": [
            "ID4163",
            "ID4287",
            "ID4493",
            "ID4618"
        ],
        "Role 4": [
            "ID4326",
            "ID4162",
            "ID4873",
            "ID4140"
        ],
        "Role 5": [
            "ID4820",
            "ID4491",
            "ID4291"
        ],
        "Role 6": [
            "ID0998",
            "ID4882"
        ],
        "Role 7": [
            "ID4890",
            "ID4851"
        ],
        "Role 8": [
            "ID3716"
        ],
        "Role 9": [
            "ID4442"
        ]
    },
    "sequences": [
        {
            "elementid": "node_a59a76ca-5915-4b2c-b281-9f59213d3bd4",
            "gatewayid": "node_a74651ca-32ae-4a78-a4c6-293437bc692c",
            "out_path_id": "node_c5017f53-bac4-4bb9-b562-87bd3e9edee4",
            "prob": "0.008849557522123894"
        },
        {
            "elementid": "node_b628c6d5-5533-4903-8026-29ecee72c499",
            "gatewayid": "node_a74651ca-32ae-4a78-a4c6-293437bc692c",
            "out_path_id": "node_2f523e35-9340-4ff2-918f-236b39911146",
            "prob": "0.9911504424778761"
        },
        {
            "elementid": "node_d6648ddb-758a-4136-a2a3-09b84c885c19",
            "gatewayid": "node_d8023899-caa8-4f1e-9944-7c26ce5a3b63",
            "out_path_id": "node_b0517e30-6da3-4a74-b0c5-3b678f3fa001",
            "prob": "0.07518796992481203"
        },
        {
            "elementid": "node_f39a377e-c5e5-441e-8c79-9d4cfd6d1916",
            "gatewayid": "node_d8023899-caa8-4f1e-9944-7c26ce5a3b63",
            "out_path_id": "node_78799b7a-c0a3-4f22-8576-400aafd0de52",
            "prob": "0.4323308270676692"
        },
        {
            "elementid": "node_fe8bc567-c054-455e-99c9-444c7b6e0a98",
            "gatewayid": "node_d8023899-caa8-4f1e-9944-7c26ce5a3b63",
            "out_path_id": "node_d30ab7d4-4aa3-4bf0-b662-a8a6c89878fb",
            "prob": "0.4924812030075188"
        },
        {
            "elementid": "node_f871156c-0a06-4256-b726-b05d56b83ed3",
            "gatewayid": "node_a3ba66c3-b17c-4524-969a-1e73c41fd939",
            "out_path_id": "node_70d55f77-13ae-4eb2-8ca5-316cba12a76f",
            "prob": "0.2695035460992908"
        },
        {
            "elementid": "node_d6adc73a-11d5-46e5-93f0-d5001cd93013",
            "gatewayid": "node_a3ba66c3-b17c-4524-969a-1e73c41fd939",
            "out_path_id": "node_7981c890-f2d1-4761-bf0f-f3501863271a",
            "prob": "0.7304964539007093"
        },
        {
            "elementid": "node_286cb07f-7709-4e8b-9be4-86348167786f",
            "gatewayid": "node_e0392c37-9e9e-4bbe-b560-20c077a834b1",
            "out_path_id": "node_0b955c98-6d6c-4f7d-9860-da5605ad1765",
            "prob": "0.01"
        },
        {
            "elementid": "node_b8504300-d031-4415-9e71-e60e09e82d39",
            "gatewayid": "node_e0392c37-9e9e-4bbe-b560-20c077a834b1",
            "out_path_id": "node_82495b20-c73f-4023-b656-ecb122aa2398",
            "prob": "0.06338785046728972"
        },
        {
            "elementid": "node_8cd081b7-6232-4b76-8d55-1df8be349ae2",
            "gatewayid": "node_e0392c37-9e9e-4bbe-b560-20c077a834b1",
            "out_path_id": "node_f776530b-a066-410f-903d-b7bfbad21c3c",
            "prob": "0.005443925233644866"
        },
        {
            "elementid": "node_88a8be3a-e30d-451a-8227-774199583e4b",
            "gatewayid": "node_e0392c37-9e9e-4bbe-b560-20c077a834b1",
            "out_path_id": "node_0123e60f-f910-42b9-aaf6-57573670e740",
            "prob": "0.37927570093457946"
        },
        {
            "elementid": "node_f2065575-159d-49e3-9ce3-be5856e9e1a8",
            "gatewayid": "node_e0392c37-9e9e-4bbe-b560-20c077a834b1",
            "out_path_id": "node_f77163bb-3915-4d56-99bc-fc790b02b29c",
            "prob": "0.541892523364486"
        },
        {
            "elementid": "node_5d924fba-a61e-4648-998d-6165d2c62939",
            "gatewayid": "node_f668ab53-03b9-44ca-a482-5f778e45017c",
            "out_path_id": "node_363486c2-27f3-4bb6-8fb4-ad51befcd743",
            "prob": "0.022813688212927757"
        },
        {
            "elementid": "node_9aaa1f7f-262c-4c95-8d0f-1a2ef555e5c3",
            "gatewayid": "node_f668ab53-03b9-44ca-a482-5f778e45017c",
            "out_path_id": "node_470534f3-8c80-4dcc-874f-303218836d06",
            "prob": "0.16159695817490494"
        },
        {
            "elementid": "node_e378862c-fe0e-4513-9826-c1928c7bd444",
            "gatewayid": "node_f668ab53-03b9-44ca-a482-5f778e45017c",
            "out_path_id": "node_4916c84e-476e-46ed-a87e-5f19298aab2b",
            "prob": "0.055133079847908745"
        },
        {
            "elementid": "node_76e3cb23-383a-4e48-9f9a-439ce42b617f",
            "gatewayid": "node_f668ab53-03b9-44ca-a482-5f778e45017c",
            "out_path_id": "node_e9d1718e-d4e5-4a50-884a-ba0444e2dbcd",
            "prob": "0.049429657794676805"
        },
        {
            "elementid": "node_fb503e41-6f1f-4f96-b514-311e06422ec9",
            "gatewayid": "node_f668ab53-03b9-44ca-a482-5f778e45017c",
            "out_path_id": "node_2a4ec0d3-0b2f-4f92-8138-eebe4735547b",
            "prob": "0.7110266159695817"
        },
        {
            "elementid": "node_fe488491-4fa1-45cb-8b43-efb2d2ef2c4e",
            "gatewayid": "node_538c9e7e-2a51-492a-a7c1-ce72f397a189",
            "out_path_id": "node_e948f2b7-7ad9-4994-be72-f75ff1dc441c",
            "prob": "0.012345679012345678"
        },
        {
            "elementid": "node_8b49541a-d8cf-42c4-b8d5-3077aff70b2f",
            "gatewayid": "node_538c9e7e-2a51-492a-a7c1-ce72f397a189",
            "out_path_id": "node_cfc4de72-bb33-4ae6-a881-5dee7244e25e",
            "prob": "0.024691358024691357"
        },
        {
            "elementid": "node_835dfe03-869a-411e-903c-380b3559ff66",
            "gatewayid": "node_538c9e7e-2a51-492a-a7c1-ce72f397a189",
            "out_path_id": "node_573b854c-dc0c-434e-b51f-00d6a2bea0c3",
            "prob": "0.024691358024691357"
        },
        {
            "elementid": "node_85c8efc8-f27f-459f-9095-a038f5c4ab86",
            "gatewayid": "node_538c9e7e-2a51-492a-a7c1-ce72f397a189",
            "out_path_id": "node_6ecb8206-b59e-4b1c-a9da-2efec0b8a9d1",
            "prob": "0.9382716049382716"
        }
    ],
    "start_time": "2012-03-12T21:59:59.999999+00:00",
    "time_table": [
        {
            "@default": "true",
            "@id": "Discovered_CASES_ARRIVAL_CALENDAR",
            "@name": "Discovered_CASES_ARRIVAL_CALENDAR",
            "qbp:rules": {
                "qbp:rule": [
                    {
                        "@fromTime": "05:00:00.000000+00:00",
                        "@fromWeekDay": "MONDAY",
                        "@toTime": "05:59:00.000000+00:00",
                        "@toWeekDay": "MONDAY"
                    },
                    {
                        "@fromTime": "07:00:00.000000+00:00",
                        "@fromWeekDay": "MONDAY",
                        "@toTime": "08:59:00.000000+00:00",
                        "@toWeekDay": "MONDAY"
                    },
                    {
                        "@fromTime": "12:00:00.000000+00:00",
                        "@fromWeekDay": "MONDAY",
                        "@toTime": "12:59:00.000000+00:00",
                        "@toWeekDay": "MONDAY"
                    },
                    {
                        "@fromTime": "14:00:00.000000+00:00",
                        "@fromWeekDay": "MONDAY",
                        "@toTime": "23:59:00.000000+00:00",
                        "@toWeekDay": "MONDAY"
                    },
                    {
                        "@fromTime": "01:00:00.000000+00:00",
                        "@fromWeekDay": "TUESDAY",
                        "@toTime": "01:59:00.000000+00:00",
                        "@toWeekDay": "TUESDAY"
                    },
                    {
                        "@fromTime": "03:00:00.000000+00:00",
                        "@fromWeekDay": "TUESDAY",
                        "@toTime": "04:59:00.000000+00:00",
                        "@toWeekDay": "TUESDAY"
                    },
                    {
                        "@fromTime": "06:00:00.000000+00:00",
                        "@fromWeekDay": "TUESDAY",
                        "@toTime": "09:59:00.000000+00:00",
                        "@toWeekDay": "TUESDAY"
                    },
                    {
                        "@fromTime": "11:00:00.000000+00:00",
                        "@fromWeekDay": "TUESDAY",
                        "@toTime": "12:59:00.000000+00:00",
                        "@toWeekDay": "TUESDAY"
                    },
                    {
                        "@fromTime": "14:00:00.000000+00:00",
                        "@fromWeekDay": "TUESDAY",
                        "@toTime": "21:59:00.000000+00:00",
                        "@toWeekDay": "TUESDAY"
                    },
                    {
                        "@fromTime": "23:00:00.000000+00:00",
                        "@fromWeekDay": "TUESDAY",
                        "@toTime": "23:59:00.000000+00:00",
                        "@toWeekDay": "TUESDAY"
                    },
                    {
                        "@fromTime": "00:00:00.000000+00:00",
                        "@fromWeekDay": "WEDNESDAY",
                        "@toTime": "05:59:00.000000+00:00",
                        "@toWeekDay": "WEDNESDAY"
                    },
                    {
                        "@fromTime": "07:00:00.000000+00:00",
                        "@fromWeekDay": "WEDNESDAY",
                        "@toTime": "07:59:00.000000+00:00",
                        "@toWeekDay": "WEDNESDAY"
                    },
                    {
                        "@fromTime": "13:00:00.000000+00:00",
                        "@fromWeekDay": "WEDNESDAY",
                        "@toTime": "22:59:00.000000+00:00",
                        "@toWeekDay": "WEDNESDAY"
                    },
                    {
                        "@fromTime": "00:00:00.000000+00:00",
                        "@fromWeekDay": "THURSDAY",
                        "@toTime": "04:59:00.000000+00:00",
                        "@toWeekDay": "THURSDAY"
                    },
                    {
                        "@fromTime": "06:00:00.000000+00:00",
                        "@fromWeekDay": "THURSDAY",
                        "@toTime": "10:59:00.000000+00:00",
                        "@toWeekDay": "THURSDAY"
                    },
                    {
                        "@fromTime": "12:00:00.000000+00:00",
                        "@fromWeekDay": "THURSDAY",
                        "@toTime": "18:59:00.000000+00:00",
                        "@toWeekDay": "THURSDAY"
                    },
                    {
                        "@fromTime": "20:00:00.000000+00:00",
                        "@fromWeekDay": "THURSDAY",
                        "@toTime": "20:59:00.000000+00:00",
                        "@toWeekDay": "THURSDAY"
                    },
                    {
                        "@fromTime": "22:00:00.000000+00:00",
                        "@fromWeekDay": "THURSDAY",
                        "@toTime": "22:59:00.000000+00:00",
                        "@toWeekDay": "THURSDAY"
                    },
                    {
                        "@fromTime": "01:00:00.000000+00:00",
                        "@fromWeekDay": "FRIDAY",
                        "@toTime": "01:59:00.000000+00:00",
                        "@toWeekDay": "FRIDAY"
                    },
                    {
                        "@fromTime": "03:00:00.000000+00:00",
                        "@fromWeekDay": "FRIDAY",
                        "@toTime": "03:59:00.000000+00:00",
                        "@toWeekDay": "FRIDAY"
                    },
                    {
                        "@fromTime": "05:00:00.000000+00:00",
                        "@fromWeekDay": "FRIDAY",
                        "@toTime": "07:59:00.000000+00:00",
                        "@toWeekDay": "FRIDAY"
                    },
                    {
                        "@fromTime": "09:00:00.000000+00:00",
                        "@fromWeekDay": "FRIDAY",
                        "@toTime": "10:59:00.000000+00:00",
                        "@toWeekDay": "FRIDAY"
                    },
                    {
                        "@fromTime": "12:00:00.000000+00:00",
                        "@fromWeekDay": "FRIDAY",
                        "@toTime": "21:59:00.000000+00:00",
                        "@toWeekDay": "FRIDAY"
                    },
                    {
                        "@fromTime": "23:00:00.000000+00:00",
                        "@fromWeekDay": "FRIDAY",
                        "@toTime": "23:59:00.000000+00:00",
                        "@toWeekDay": "FRIDAY"
                    },
                    {
                        "@fromTime": "01:00:00.000000+00:00",
                        "@fromWeekDay": "SATURDAY",
                        "@toTime": "05:59:00.000000+00:00",
                        "@toWeekDay": "SATURDAY"
                    },
                    {
                        "@fromTime": "07:00:00.000000+00:00",
                        "@fromWeekDay": "SATURDAY",
                        "@toTime": "08:59:00.000000+00:00",
                        "@toWeekDay": "SATURDAY"
                    },
                    {
                        "@fromTime": "14:00:00.000000+00:00",
                        "@fromWeekDay": "SATURDAY",
                        "@toTime": "14:59:00.000000+00:00",
                        "@toWeekDay": "SATURDAY"
                    },
                    {
                        "@fromTime": "18:00:00.000000+00:00",
                        "@fromWeekDay": "SATURDAY",
                        "@toTime": "18:59:00.000000+00:00",
                        "@toWeekDay": "SATURDAY"
                    }
                ]
            }
        },
        {
            "@default": "false",
            "@id": "Discovered_DEFAULT_CALENDAR",
            "@name": "Discovered_DEFAULT_CALENDAR",
            "qbp:rules": {
                "qbp:rule": [
                    {
                        "@fromTime": "05:00:00.000000+00:00",
                        "@fromWeekDay": "MONDAY",
                        "@toTime": "08:59:00.000000+00:00",
                        "@toWeekDay": "MONDAY"
                    },
                    {
                        "@fromTime": "13:00:00.000000+00:00",
                        "@fromWeekDay": "MONDAY",
                        "@toTime": "23:59:00.000000+00:00",
                        "@toWeekDay": "MONDAY"
                    },
                    {
                        "@fromTime": "00:00:00.000000+00:00",
                        "@fromWeekDay": "TUESDAY",
                        "@toTime": "08:59:00.000000+00:00",
                        "@toWeekDay": "TUESDAY"
                    },
                    {
                        "@fromTime": "12:00:00.000000+00:00",
                        "@fromWeekDay": "TUESDAY",
                        "@toTime": "23:59:00.000000+00:00",
                        "@toWeekDay": "TUESDAY"
                    },
                    {
                        "@fromTime": "00:00:00.000000+00:00",
                        "@fromWeekDay": "WEDNESDAY",
                        "@toTime": "10:59:00.000000+00:00",
                        "@toWeekDay": "WEDNESDAY"
                    },
                    {
                        "@fromTime": "13:00:00.000000+00:00",
                        "@fromWeekDay": "WEDNESDAY",
                        "@toTime": "23:59:00.000000+00:00",
                        "@toWeekDay": "WEDNESDAY"
                    },
                    {
                        "@fromTime": "00:00:00.000000+00:00",
                        "@fromWeekDay": "THURSDAY",
                        "@toTime": "08:59:00.000000+00:00",
                        "@toWeekDay": "THURSDAY"
                    },
                    {
                        "@fromTime": "12:00:00.000000+00:00",
                        "@fromWeekDay": "THURSDAY",
                        "@toTime": "23:59:00.000000+00:00",
                        "@toWeekDay": "THURSDAY"
                    },
                    {
                        "@fromTime": "00:00:00.000000+00:00",
                        "@fromWeekDay": "FRIDAY",
                        "@toTime": "08:59:00.000000+00:00",
                        "@toWeekDay": "FRIDAY"
                    },
                    {
                        "@fromTime": "13:00:00.000000+00:00",
                        "@fromWeekDay": "FRIDAY",
                        "@toTime": "23:59:00.000000+00:00",
                        "@toWeekDay": "FRIDAY"
                    },
                    {
                        "@fromTime": "00:00:00.000000+00:00",
                        "@fromWeekDay": "SATURDAY",
                        "@toTime": "03:59:00.000000+00:00",
                        "@toWeekDay": "SATURDAY"
                    },
                    {
                        "@fromTime": "06:00:00.000000+00:00",
                        "@fromWeekDay": "SATURDAY",
                        "@toTime": "08:59:00.000000+00:00",
                        "@toWeekDay": "SATURDAY"
                    },
                    {
                        "@fromTime": "13:00:00.000000+00:00",
                        "@fromWeekDay": "SATURDAY",
                        "@toTime": "20:59:00.000000+00:00",
                        "@toWeekDay": "SATURDAY"
                    },
                    {
                        "@fromTime": "20:00:00.000000+00:00",
                        "@fromWeekDay": "SUNDAY",
                        "@toTime": "20:59:00.000000+00:00",
                        "@toWeekDay": "SUNDAY"
                    }
                ]
            }
        }
    ]
}