{
    "arrival_rate": {
        "dname": "GAMMA",
        "dparams": {
            "arg1": "195292724.8",
            "arg2": "0",
            "mean": "14567.2"
        }
    },
    "discovery_parameters": {
        "and_prior": "true",
        "arr_confidence": "2.998894497751436",
        "arr_support": "0.09000271759811726",
        "epsilon": "0.40828463656881286",
        "eta": "0.3559512744751957",
        "gate_management": "discovery",
        "or_rep": "true",
        "res_dtype": "DataType.DT247"
    },
    "elements_data": [
        {
            "arg1": "2280.0",
            "arg2": "21840.0",
            "elementid": "node_af1ac4c7-6623-4a92-8e60-f8b234c25c3b",
            "id": "qbp_6218f746-a60f-4f23-9b53-50ff7ce44bd6",
            "mean": "3600",
            "name": "Create Quotation comparison Map",
            "resource": "qbp_ba2afa2c-ae4c-40df-bd21-d28c7f50e918",
            "type": "UNIFORM"
        },
        {
            "arg1": "240.0",
            "arg2": "900.0",
            "elementid": "node_54ac1254-6300-48bd-8542-68056020c3c1",
            "id": "qbp_8c61ebae-90cb-4bf4-8faf-181d67c83ad3",
            "mean": "3600",
            "name": "Pay Invoice",
            "resource": "qbp_d0de038c-72e9-4663-af54-95b31f54610f",
            "type": "UNIFORM"
        },
        {
            "arg1": "240.0",
            "arg2": "2100.0",
            "elementid": "node_c4af4e15-46ee-406a-8846-e8c16941d744",
            "id": "qbp_e518ebdd-f4a2-4ec9-aaf4-974665ddf176",
            "mean": "3600",
            "name": "Confirm Purchase Order",
            "resource": "qbp_1a8835d4-8836-4361-8f40-18a9c5bfa603",
            "type": "UNIFORM"
        },
        {
            "arg1": "0",
            "arg2": "0",
            "elementid": "node_474b3385-bae8-4cda-952b-e7906890658f",
            "id": "qbp_dfd282d0-7e6d-425b-9450-5cb458a667bc",
            "mean": "60",
            "name": "Release Purchase Order",
            "resource": "qbp_a690120a-819a-4cfe-8ff5-3d32b461b224",
            "type": "FIXED"
        },
        {
            "arg1": "240.0",
            "arg2": "540.0",
            "elementid": "node_9a480a30-eb11-4add-a542-2cb6eff186dc",
            "id": "qbp_56e5b5dc-e224-4761-ab4a-bcece5783701",
            "mean": "3600",
            "name": "Analyze Purchase Requisition",
            "resource": "qbp_d3f98889-b351-488d-829e-91323120b0ff",
            "type": "UNIFORM"
        },
        {
            "arg1": "14280.0",
            "arg2": "52740.0",
            "elementid": "node_ed692a1e-9867-4012-aee5-b6fe3db43a58",
            "id": "qbp_b954cc4e-b989-40ce-9bc0-c1d98bb4d56e",
            "mean": "3600",
            "name": "Settle Conditions With Supplier",
            "resource": "qbp_ba2afa2c-ae4c-40df-bd21-d28c7f50e918",
            "type": "UNIFORM"
        },
        {
            "arg1": "11700.0",
            "arg2": "176640.0",
            "elementid": "node_f1c3951a-7c62-419d-872d-5b824082494a",
            "id": "qbp_9843d03f-a47e-4380-a240-4b401304e518",
            "mean": "3600",
            "name": "Deliver Goods Services",
            "resource": "qbp_1a8835d4-8836-4361-8f40-18a9c5bfa603",
            "type": "UNIFORM"
        },
        {
            "arg1": "300.0",
            "arg2": "3420.0",
            "elementid": "node_1e344152-4e36-4183-a7bd-424b888f6f30",
            "id": "qbp_1968225b-1799-44f3-8063-6fc38d08d60a",
            "mean": "3600",
            "name": "Create Purchase Requisition",
            "resource": "qbp_a690120a-819a-4cfe-8ff5-3d32b461b224",
            "type": "UNIFORM"
        },
        {
            "arg1": "225.1",
            "arg2": "0",
            "elementid": "node_d3d97eed-b341-4a3b-9755-395f10f716fc",
            "id": "qbp_4580b277-9ea3-4d4e-bfa1-16975f27478d",
            "mean": "625.1",
            "name": "Amend Request for Quotation",
            "resource": "qbp_a690120a-819a-4cfe-8ff5-3d32b461b224",
            "type": "NORMAL"
        },
        {
            "arg1": "518.3",
            "arg2": "0",
            "elementid": "node_7e1a2ee3-a053-497e-ad24-c3f0edfdf625",
            "id": "qbp_0380948f-ff02-4b00-8899-6ad886e13fb3",
            "mean": "1382.8",
            "name": "Analyze Request for Quotation",
            "resource": "qbp_ba2afa2c-ae4c-40df-bd21-d28c7f50e918",
            "type": "NORMAL"
        },
        {
            "arg1": "411.7",
            "arg2": "0",
            "elementid": "node_7e9eb60d-1b32-42ca-a4ac-5d6bea07b0ec",
            "id": "qbp_b5ea3ea8-49ed-4714-9a5e-679ff9789403",
            "mean": "1417.0",
            "name": "Send Request for Quotation to Supplier",
            "resource": "qbp_ba2afa2c-ae4c-40df-bd21-d28c7f50e918",
            "type": "NORMAL"
        },
        {
            "arg1": "0",
            "arg2": "0",
            "elementid": "node_753fe461-9f5a-41ee-8aec-37661da5c373",
            "id": "qbp_463d6918-f50d-4019-a6b3-caf81838908b",
            "mean": "60",
            "name": "Approve Purchase Order for payment",
            "resource": "qbp_ba2afa2c-ae4c-40df-bd21-d28c7f50e918",
            "type": "FIXED"
        },
        {
            "arg1": "120.0",
            "arg2": "420.0",
            "elementid": "node_556f49b1-6b9f-4268-b5fe-2c3bd27ba9a1",
            "id": "qbp_bea371e4-370b-437e-a955-b1bee778dc7e",
            "mean": "3600",
            "name": "Release Supplier's Invoice",
            "resource": "qbp_d0de038c-72e9-4663-af54-95b31f54610f",
            "type": "UNIFORM"
        },
        {
            "arg1": "360.0",
            "arg2": "2040.0",
            "elementid": "node_1459c33a-0c6c-40ff-b722-73e7c3788bcd",
            "id": "qbp_5e383554-3994-4b7b-a834-2df231663e44",
            "mean": "3600",
            "name": "Analyze Quotation Comparison Map",
            "resource": "qbp_a690120a-819a-4cfe-8ff5-3d32b461b224",
            "type": "UNIFORM"
        },
        {
            "arg1": "360.0",
            "arg2": "780.0",
            "elementid": "node_fada349f-910c-4852-a48d-061b35bea165",
            "id": "qbp_aaa7a1ca-c42f-4af8-a2d1-488eb3120c71",
            "mean": "3600",
            "name": "Create Purchase Order",
            "resource": "qbp_ba2afa2c-ae4c-40df-bd21-d28c7f50e918",
            "type": "UNIFORM"
        },
        {
            "arg1": "10382.3",
            "arg2": "0",
            "elementid": "node_e5e4291d-3528-49d8-b896-2f6f725acb29",
            "id": "qbp_9b5698ef-f1a5-4c46-b4ce-13bc3e789d7f",
            "mean": "0",
            "name": "Settle Dispute With Supplier",
            "resource": "qbp_d0de038c-72e9-4663-af54-95b31f54610f",
            "type": "EXPONENTIAL"
        },
        {
            "arg1": "1620.0",
            "arg2": "0",
            "elementid": "node_ffa38a65-384b-4b05-b09a-530b331f50e7",
            "id": "qbp_8d32df5f-0550-4d03-ac2b-32dfaaaa5501",
            "mean": "0",
            "name": "Amend Purchase Requisition",
            "resource": "qbp_a690120a-819a-4cfe-8ff5-3d32b461b224",
            "type": "EXPONENTIAL"
        },
        {
            "arg1": "0",
            "arg2": "0",
            "elementid": "node_dc156a26-4b84-4888-b668-963af2f36c22",
            "id": "qbp_ccbaf956-6d6d-4e5a-89d0-dd90cc4077fd",
            "mean": "0",
            "name": "Choose best option",
            "resource": "qbp_a690120a-819a-4cfe-8ff5-3d32b461b224",
            "type": "FIXED"
        },
        {
            "arg1": "62743.0",
            "arg2": "0",
            "elementid": "node_4a0be340-f8e2-45b4-9030-3c9a5d356d2c",
            "id": "qbp_43a7d635-3010-49a4-a26e-079d200dc297",
            "mean": "321.9",
            "name": "Create Request for Quotation",
            "resource": "qbp_d3f98889-b351-488d-829e-91323120b0ff",
            "type": "GAMMA"
        },
        {
            "arg1": "0",
            "arg2": "0",
            "elementid": "node_0f083abc-31fe-424f-b0ef-359d91c91516",
            "id": "qbp_2883d2ca-aee9-4de3-b5f2-b4148d4c52bd",
            "mean": "0",
            "name": "Authorize Supplier's Invoice payment",
            "resource": "qbp_d0de038c-72e9-4663-af54-95b31f54610f",
            "type": "FIXED"
        },
        {
            "arg1": "0",
            "arg2": "0",
            "elementid": "node_a007b778-c41d-4106-8613-722d991eba13",
            "id": "qbp_458d1bf2-9701-4b0e-aefd-ab8a41aedacb",
            "mean": "0",
            "name": "Send Invoice",
            "resource": "qbp_1a8835d4-8836-4361-8f40-18a9c5bfa603",
            "type": "FIXED"
        },
        {
            "arg1": "0",
            "arg2": "0",
            "elementid": "node_92e96c35-fcb2-427e-9638-bbc7f5eda9de",
            "id": "qbp_8a953f38-0462-453d-ab73-f10875c0287a",
            "mean": "0",
            "name": "End",
            "resource": "QBP_DEFAULT_RESOURCE",
            "type": "FIXED"
        },
        {
            "arg1": "0",
            "arg2": "0",
            "elementid": "node_a6154607-50c4-42a7-8b77-bcf0d1f2a8d7",
            "id": "qbp_a3c13902-20f4-4570-b62f-0765c220cdd1",
            "mean": "0",
            "name": "Start",
            "resource": "QBP_DEFAULT_RESOURCE",
            "type": "FIXED"
        }
    ],
    "instances": "98",
    "resource_pool": [
        {
            "@costPerHour": "20",
            "@id": "QBP_DEFAULT_RESOURCE",
            "@name": "SYSTEM",
            "@timetableId": "Discovered_CASES_ARRIVAL_CALENDAR",
            "@totalAmount": "20"
        },
        {
            "@costPerHour": "20",
            "@id": "qbp_a690120a-819a-4cfe-8ff5-3d32b461b224",
            "@name": "Role 1",
            "@timetableId": "QBP_RES_DEFAULT_TIMETABLE",
            "@totalAmount": "14"
        },
        {
            "@costPerHour": "20",
            "@id": "qbp_1a8835d4-8836-4361-8f40-18a9c5bfa603",
            "@name": "Role 2",
            "@timetableId": "QBP_RES_DEFAULT_TIMETABLE",
            "@totalAmount": "5"
        },
        {
            "@costPerHour": "20",
            "@id": "qbp_ba2afa2c-ae4c-40df-bd21-d28c7f50e918",
            "@name": "Role 3",
            "@timetableId": "QBP_RES_DEFAULT_TIMETABLE",
            "@totalAmount": "3"
        },
        {
            "@costPerHour": "20",
            "@id": "qbp_d3f98889-b351-488d-829e-91323120b0ff",
            "@name": "Role 4",
            "@timetableId": "QBP_RES_DEFAULT_TIMETABLE",
            "@totalAmount": "3"
        },
        {
            "@costPerHour": "20",
            "@id": "qbp_d0de038c-72e9-4663-af54-95b31f54610f",
            "@name": "Role 5",
            "@timetableId": "QBP_RES_DEFAULT_TIMETABLE",
            "@totalAmount": "2"
        }
    ],
    "rol_user": {
        "Role 1": [
            "Kim Passa",
            "Immanuel Karagianni",
            "Alberto Duport",
            "Fjodor Kowalski",
            "Esmana Liubiata",
            "Christian Francois",
            "Tesca Lobes",
            "Penn Osterwalder",
            "Nico Ojenbeer",
            "Anne Olwada",
            "Miu Hanwan",
            "Anna Kaufmann",
            "Elvira Lores",
            "Clement Duchot"
        ],
        "Role 2": [
            "Sean Manney",
            "Esmeralda Clay",
            "Carmen Finacse",
            "Karen Clarens",
            "Kiu Kan"
        ],
        "Role 3": [
            "Francois de Perrier",
            "Karel de Groot",
            "Magdalena Predutta"
        ],
        "Role 4": [
            "Maris Freeman",
            "Heinz Gutschmidt",
            "Francis Odell"
        ],
        "Role 5": [
            "Karalda Nimwada",
            "Pedro Alvares"
        ]
    },
    "sequences": [
        {
            "elementid": "node_883b2e14-ec04-4eff-a02e-96f9b5bd9072",
            "gatewayid": "node_e9c6450b-7739-4d91-b861-e1f615d072f0",
            "out_path_id": "node_7e9eb60d-1b32-42ca-a4ac-5d6bea07b0ec",
            "prob": "0.5639412997903563"
        },
        {
            "elementid": "node_27b02a6c-108a-4133-b61f-c92478c01d04",
            "gatewayid": "node_e9c6450b-7739-4d91-b861-e1f615d072f0",
            "out_path_id": "node_d3d97eed-b341-4a3b-9755-395f10f716fc",
            "prob": "0.4360587002096436"
        },
        {
            "elementid": "node_cd800914-ee79-46b4-b6ba-107619632d89",
            "gatewayid": "node_78bcc961-70a3-46ac-b6a1-8dc0a6026f9f",
            "out_path_id": "node_e5e4291d-3528-49d8-b896-2f6f725acb29",
            "prob": "0.19557195571955718"
        },
        {
            "elementid": "node_12046657-e8e0-488d-b047-1a453757e24d",
            "gatewayid": "node_78bcc961-70a3-46ac-b6a1-8dc0a6026f9f",
            "out_path_id": "node_7f94d1a7-4c67-4143-a3b1-807fbfde6ac9",
            "prob": "0.8044280442804428"
        },
        {
            "elementid": "node_fb1bd666-bcb2-450e-a634-ddd762abadb4",
            "gatewayid": "node_94f45670-cd6c-4bf2-9d78-e2f67a284d09",
            "out_path_id": "node_4a0be340-f8e2-45b4-9030-3c9a5d356d2c",
            "prob": "0.9746376811594203"
        },
        {
            "elementid": "node_9933e8c1-ada2-468d-8dd7-683f18e01d64",
            "gatewayid": "node_94f45670-cd6c-4bf2-9d78-e2f67a284d09",
            "out_path_id": "node_ffa38a65-384b-4b05-b09a-530b331f50e7",
            "prob": "0.025362318840579712"
        }
    ],
    "start_time": "2011-06-20T23:43:59.999999+00:00",
    "time_table": [
        {
            "@default": "true",
            "@id": "Discovered_CASES_ARRIVAL_CALENDAR",
            "@name": "Discovered_CASES_ARRIVAL_CALENDAR",
            "qbp:rules": {
                "qbp:rule": [
                    {
                        "@fromTime": "00:00:00.000000+00:00",
                        "@fromWeekDay": "MONDAY",
                        "@toTime": "02:59:00.000000+00:00",
                        "@toWeekDay": "MONDAY"
                    },
                    {
                        "@fromTime": "04:00:00.000000+00:00",
                        "@fromWeekDay": "MONDAY",
                        "@toTime": "06:59:00.000000+00:00",
                        "@toWeekDay": "MONDAY"
                    },
                    {
                        "@fromTime": "08:00:00.000000+00:00",
                        "@fromWeekDay": "MONDAY",
                        "@toTime": "23:59:00.000000+00:00",
                        "@toWeekDay": "MONDAY"
                    },
                    {
                        "@fromTime": "00:00:00.000000+00:00",
                        "@fromWeekDay": "TUESDAY",
                        "@toTime": "10:59:00.000000+00:00",
                        "@toWeekDay": "TUESDAY"
                    },
                    {
                        "@fromTime": "12:00:00.000000+00:00",
                        "@fromWeekDay": "TUESDAY",
                        "@toTime": "15:59:00.000000+00:00",
                        "@toWeekDay": "TUESDAY"
                    },
                    {
                        "@fromTime": "17:00:00.000000+00:00",
                        "@fromWeekDay": "TUESDAY",
                        "@toTime": "18:59:00.000000+00:00",
                        "@toWeekDay": "TUESDAY"
                    },
                    {
                        "@fromTime": "20:00:00.000000+00:00",
                        "@fromWeekDay": "TUESDAY",
                        "@toTime": "23:59:00.000000+00:00",
                        "@toWeekDay": "TUESDAY"
                    },
                    {
                        "@fromTime": "00:00:00.000000+00:00",
                        "@fromWeekDay": "WEDNESDAY",
                        "@toTime": "22:59:00.000000+00:00",
                        "@toWeekDay": "WEDNESDAY"
                    },
                    {
                        "@fromTime": "00:00:00.000000+00:00",
                        "@fromWeekDay": "THURSDAY",
                        "@toTime": "08:59:00.000000+00:00",
                        "@toWeekDay": "THURSDAY"
                    },
                    {
                        "@fromTime": "10:00:00.000000+00:00",
                        "@fromWeekDay": "THURSDAY",
                        "@toTime": "18:59:00.000000+00:00",
                        "@toWeekDay": "THURSDAY"
                    },
                    {
                        "@fromTime": "20:00:00.000000+00:00",
                        "@fromWeekDay": "THURSDAY",
                        "@toTime": "23:59:00.000000+00:00",
                        "@toWeekDay": "THURSDAY"
                    },
                    {
                        "@fromTime": "00:00:00.000000+00:00",
                        "@fromWeekDay": "FRIDAY",
                        "@toTime": "09:59:00.000000+00:00",
                        "@toWeekDay": "FRIDAY"
                    },
                    {
                        "@fromTime": "11:00:00.000000+00:00",
                        "@fromWeekDay": "FRIDAY",
                        "@toTime": "12:59:00.000000+00:00",
                        "@toWeekDay": "FRIDAY"
                    },
                    {
                        "@fromTime": "14:00:00.000000+00:00",
                        "@fromWeekDay": "FRIDAY",
                        "@toTime": "22:59:00.000000+00:00",
                        "@toWeekDay": "FRIDAY"
                    },
                    {
                        "@fromTime": "00:00:00.000000+00:00",
                        "@fromWeekDay": "SATURDAY",
                        "@toTime": "00:59:00.000000+00:00",
                        "@toWeekDay": "SATURDAY"
                    },
                    {
                        "@fromTime": "02:00:00.000000+00:00",
                        "@fromWeekDay": "SATURDAY",
                        "@toTime": "19:59:00.000000+00:00",
                        "@toWeekDay": "SATURDAY"
                    },
                    {
                        "@fromTime": "21:00:00.000000+00:00",
                        "@fromWeekDay": "SATURDAY",
                        "@toTime": "23:59:00.000000+00:00",
                        "@toWeekDay": "SATURDAY"
                    },
                    {
                        "@fromTime": "00:00:00.000000+00:00",
                        "@fromWeekDay": "SUNDAY",
                        "@toTime": "04:59:00.000000+00:00",
                        "@toWeekDay": "SUNDAY"
                    },
                    {
                        "@fromTime": "06:00:00.000000+00:00",
                        "@fromWeekDay": "SUNDAY",
                        "@toTime": "07:59:00.000000+00:00",
                        "@toWeekDay": "SUNDAY"
                    },
                    {
                        "@fromTime": "09:00:00.000000+00:00",
                        "@fromWeekDay": "SUNDAY",
                        "@toTime": "11:59:00.000000+00:00",
                        "@toWeekDay": "SUNDAY"
                    },
                    {
                        "@fromTime": "13:00:00.000000+00:00",
                        "@fromWeekDay": "SUNDAY",
                        "@toTime": "23:59:00.000000+00:00",
                        "@toWeekDay": "SUNDAY"
                    }
                ]
            }
        },
        {
            "@default": "false",
            "@id": "QBP_RES_DEFAULT_TIMETABLE",
            "@name": "24/7",
            "qbp:rules": {
                "qbp:rule": {
                    "@fromTime": "00:00:00.000+00:00",
                    "@fromWeekDay": "MONDAY",
                    "@toTime": "23:59:59.999+00:00",
                    "@toWeekDay": "SUNDAY"
                }
            }
        }
    ]
}